"Station Name","CALGARY INTL A"
"Province","ALBERTA"
"Current Station Operator","NAV Canada"
"Latitude","51.12"
"Longitude","-114.01"
"Elevation","1099.10"
"Climate Identifier","3031092"
"WMO Identifier","71877"
"TC Identifier","YYC"
"All times are specified in Local Standard Time (LST). Add 1 hour to adjust for Daylight Saving Time where and when it is observed."

"Legend"
"E","Estimated"
"M","Missing"
"NA","Not Available"

"Date/Time","Year","Month","Day","Time","Temp (°C)","Temp Flag","Dew Point Temp (°C)","Dew Point Temp Flag","Rel Hum (%)","Rel Hum Flag","Wind Dir (10s deg)","Wind Dir Flag","Wind Spd (km/h)","Wind Spd Flag","Visibility (km)","Visibility Flag","Stn Press (kPa)","Stn Press Flag","Hmdx","Hmdx Flag","Wind Chill","Wind Chill Flag","Weather"
"2019-04-01 00:00","2019","04","01","00:00","1.9","","-0.1","","87","","33","","11","","16.1","","89.50","","","","","","NA"
"2019-04-01 01:00","2019","04","01","01:00","1.9","","-0.5","","84","","35","","19","","16.1","","89.52","","","","","","NA"
"2019-04-01 02:00","2019","04","01","02:00","1.2","","-1.6","","82","","34","","22","","16.1","","89.50","","","","","","Mostly Cloudy"
"2019-04-01 03:00","2019","04","01","03:00","0.0","","-2.6","","83","","34","","22","","24.1","","89.52","","","","-6","","NA"
"2019-04-01 04:00","2019","04","01","04:00","1.0","","-2.1","","80","","35","","24","","16.1","","89.51","","","","","","NA"
"2019-04-01 05:00","2019","04","01","05:00","0.7","","-2.4","","80","","34","","19","","24.1","","89.52","","","","","","Mostly Cloudy"
"2019-04-01 06:00","2019","04","01","06:00","0.5","","-2.1","","83","","34","","17","","16.1","","89.55","","","","","","NA"
"2019-04-01 07:00","2019","04","01","07:00","0.8","","-1.7","","83","","35","","15","","32.2","","89.55","","","","","","Snow"
"2019-04-01 08:00","2019","04","01","08:00","1.2","","-1.9","","80","","35","","26","","48.3","","89.57","","","","","","Mostly Cloudy"
"2019-04-01 09:00","2019","04","01","09:00","3.1","","-2.8","","65","","34","","27","","48.3","","89.53","","","","","","NA"
"2019-04-01 10:00","2019","04","01","10:00","4.3","","-3.0","","59","","35","","17","","48.3","","89.51","","","","","","NA"
"2019-04-01 11:00","2019","04","01","11:00","5.4","","-4.6","","49","","30","","13","","48.3","","89.48","","","","","","Mostly Cloudy"
"2019-04-01 12:00","2019","04","01","12:00","5.0","","-5.8","","46","","33","","20","","48.3","","89.43","","","","","","NA"
"2019-04-01 13:00","2019","04","01","13:00","6.2","","-6.1","","41","","34","","22","","48.3","","89.34","","","","","","NA"
"2019-04-01 14:00","2019","04","01","14:00","7.2","","-7.3","","35","","32","","22","","48.3","","89.26","","","","","","Mostly Cloudy"
"2019-04-01 15:00","2019","04","01","15:00","7.6","","-6.5","","36","","32","","17","","48.3","","89.21","","","","","","NA"
"2019-04-01 16:00","2019","04","01","16:00","7.7","","-6.8","","35","","30","","12","","48.3","","89.17","","","","","","NA"
"2019-04-01 17:00","2019","04","01","17:00","7.7","","-6.8","","35","","34","","14","","32.2","","89.15","","","","","","Mostly Cloudy"
"2019-04-01 18:00","2019","04","01","18:00","7.4","","-6.8","","36","","1","","17","","32.2","","89.12","","","","","","NA"
"2019-04-01 19:00","2019","04","01","19:00","6.0","","-6.6","","40","","36","","17","","32.2","","89.13","","","","","","NA"
"2019-04-01 20:00","2019","04","01","20:00","3.6","","-5.8","","51","","36","","9","","16.1","","89.17","","","","","","Mostly Cloudy"
"2019-04-01 21:00","2019","04","01","21:00","3.1","","-5.6","","53","","33","","9","","16.1","","89.19","","","","","","NA"
"2019-04-01 22:00","2019","04","01","22:00","3.8","","-5.4","","51","","24","","6","","16.1","","89.18","","","","","","NA"
"2019-04-01 23:00","2019","04","01","23:00","2.1","","-4.6","","61","","34","","14","","24.1","","89.22","","","","","","Mostly Cloudy"
"2019-04-02 00:00","2019","04","02","00:00","2.3","","-4.8","","60","","32","","5","","24.1","","89.23","","","","","","NA"
"2019-04-02 01:00","2019","04","02","01:00","1.8","","-4.5","","63","","34","","9","","24.1","","89.24","","","","","","NA"
"2019-04-02 02:00","2019","04","02","02:00","1.1","","-4.9","","65","","34","","12","","24.1","","89.23","","","","","","Mostly Cloudy"
"2019-04-02 03:00","2019","04","02","03:00","0.7","","-4.7","","67","","35","","16","","24.1","","89.21","","","","","","NA"
"2019-04-02 04:00","2019","04","02","04:00","-1.1","","-5.6","","72","","1","","17","","24.1","","89.21","","","","-6","","NA"
"2019-04-02 05:00","2019","04","02","05:00","-1.5","","-5.2","","76","","32","","8","","24.1","","89.18","","","","-5","","Mainly Clear"
"2019-04-02 06:00","2019","04","02","06:00","-1.4","","-4.3","","81","","32","","7","","64.4","","89.14","","","","-4","","NA"
"2019-04-02 07:00","2019","04","02","07:00","-1.4","","-4.0","","82","","19","","7","","64.4","","89.12","","","","-4","","NA"
"2019-04-02 08:00","2019","04","02","08:00","1.5","","-3.1","","72","","23","","7","","64.4","","89.10","","","","","","Clear"
"2019-04-02 09:00","2019","04","02","09:00","3.2","","-3.4","","62","","21","","6","","64.4","","89.06","","","","","","NA"
"2019-04-02 10:00","2019","04","02","10:00","4.9","","-4.2","","52","","21","","9","","64.4","","89.01","","","","","","NA"
"2019-04-02 11:00","2019","04","02","11:00","6.4","","-4.9","","44","","34","","4","","64.4","","88.95","","","","","","Mainly Clear"
"2019-04-02 12:00","2019","04","02","12:00","7.2","","-6.6","","37","","9","","7","","64.4","","88.89","","","","","","NA"
"2019-04-02 13:00","2019","04","02","13:00","7.4","","-8.7","","31","","32","","8","","64.4","","88.84","","","","","","NA"
"2019-04-02 14:00","2019","04","02","14:00","8.8","","-7.5","","31","","5","","10","","64.4","","88.79","","","","","","Mostly Cloudy"
"2019-04-02 15:00","2019","04","02","15:00","8.4","","-7.9","","31","","36","","1","","64.4","","88.73","","","","","","NA"
"2019-04-02 16:00","2019","04","02","16:00","9.1","","-8.3","","28","","8","","8","","48.3","","88.65","","","","","","NA"
"2019-04-02 17:00","2019","04","02","17:00","9.4","","-8.0","","28","","11","","18","","48.3","","88.58","","","","","","Mainly Clear"
"2019-04-02 18:00","2019","04","02","18:00","8.6","","-8.1","","30","","11","","21","","64.4","","88.52","","","","","","NA"
"2019-04-02 19:00","2019","04","02","19:00","7.1","","-8.3","","32","","12","","19","","56.3","","88.50","","","","","","NA"
"2019-04-02 20:00","2019","04","02","20:00","3.4","","-4.5","","56","","11","","21","","40.2","","88.52","","","","","","Clear"
"2019-04-02 21:00","2019","04","02","21:00","2.1","","-4.8","","60","","11","","26","","24.1","","88.53","","","","","","NA"
"2019-04-02 22:00","2019","04","02","22:00","1.1","","-5.5","","61","","12","","27","","24.1","","88.50","","","","","","NA"
"2019-04-02 23:00","2019","04","02","23:00","0.1","","-5.8","","64","","12","","29","","24.1","","88.45","","","","","","Clear"
"2019-04-03 00:00","2019","04","03","00:00","-0.2","","-5.9","","65","","13","","27","","24.1","","88.39","","","","-6","","NA"
"2019-04-03 01:00","2019","04","03","01:00","-1.3","","-6.3","","68","","18","","16","","24.1","","88.35","","","","-6","","NA"
"2019-04-03 02:00","2019","04","03","02:00","-2.3","","-6.6","","73","","19","","12","","24.1","","88.31","","","","-7","","Clear"
"2019-04-03 03:00","2019","04","03","03:00","-1.4","","-5.9","","72","","22","","10","","24.1","","88.26","","","","-5","","NA"
"2019-04-03 04:00","2019","04","03","04:00","-1.9","","-6.5","","71","","22","","7","","24.1","","88.21","","","","-5","","NA"
"2019-04-03 05:00","2019","04","03","05:00","-2.1","","-6.5","","72","","22","","8","","24.1","","88.18","","","","-5","","Mainly Clear"
"2019-04-03 06:00","2019","04","03","06:00","-2.6","","-7.1","","71","","21","","10","","64.4","","88.16","","","","-6","","NA"
"2019-04-03 07:00","2019","04","03","07:00","-1.5","","-6.5","","68","","22","","10","","64.4","","88.16","","","","-5","","NA"
"2019-04-03 08:00","2019","04","03","08:00","1.3","","-6.3","","57","","22","","7","","64.4","","88.14","","","","","","Cloudy"
"2019-04-03 09:00","2019","04","03","09:00","3.6","","-5.9","","50","","9","","4","","48.3","","88.12","","","","","","NA"
"2019-04-03 10:00","2019","04","03","10:00","6.0","","-5.9","","42","","36","","3","","48.3","","88.09","","","","","","NA"
"2019-04-03 11:00","2019","04","03","11:00","8.4","","-6.8","","33","","36","","2","","48.3","","88.08","","","","","","Cloudy"
"2019-04-03 12:00","2019","04","03","12:00","8.8","","-6.0","","35","","13","","8","","48.3","","88.04","","","","","","NA"
"2019-04-03 13:00","2019","04","03","13:00","10.8","","-6.8","","28","","13","","13","","48.3","","88.00","","","","","","NA"
"2019-04-03 14:00","2019","04","03","14:00","10.1","","-7.2","","29","","14","","15","","64.4","","87.97","","","","","","Cloudy"
"2019-04-03 15:00","2019","04","03","15:00","11.9","","-8.0","","24","","13","","14","","64.4","","87.93","","","","","","NA"
"2019-04-03 16:00","2019","04","03","16:00","11.7","","-6.6","","27","","17","","19","","64.4","","87.90","","","","","","NA"
"2019-04-03 17:00","2019","04","03","17:00","12.1","","-8.3","","23","","16","","7","","64.4","","87.87","","","","","","Mostly Cloudy"
"2019-04-03 18:00","2019","04","03","18:00","10.4","","-8.0","","27","","18","","15","","64.4","","87.86","","","","","","NA"
"2019-04-03 19:00","2019","04","03","19:00","10.2","","-8.0","","27","","18","","8","","64.4","","87.87","","","","","","NA"
"2019-04-03 20:00","2019","04","03","20:00","9.9","","-8.2","","27","","36","","3","","24.1","","87.91","","","","","","Mostly Cloudy"
"2019-04-03 21:00","2019","04","03","21:00","9.4","","-5.8","","34","","28","","7","","24.1","","87.93","","","","","","NA"
"2019-04-03 22:00","2019","04","03","22:00","9.3","","-5.1","","36","","27","","18","","24.1","","87.94","","","","","","NA"
"2019-04-03 23:00","2019","04","03","23:00","8.2","","-4.9","","39","","27","","15","","24.1","","87.96","","","","","","Mostly Cloudy"
"2019-04-04 00:00","2019","04","04","00:00","7.6","","-4.7","","42","","28","","8","","24.1","","87.99","","","","","","NA"
"2019-04-04 01:00","2019","04","04","01:00","8.2","","-4.4","","41","","28","","11","","24.1","","88.02","","","","","","NA"
"2019-04-04 02:00","2019","04","04","02:00","6.8","","-4.3","","45","","25","","10","","24.1","","88.04","","","","","","Mostly Cloudy"
"2019-04-04 03:00","2019","04","04","03:00","6.5","","-4.1","","47","","23","","10","","24.1","","88.08","","","","","","NA"
"2019-04-04 04:00","2019","04","04","04:00","3.5","","-4.8","","55","","20","","8","","24.1","","88.10","","","","","","NA"
"2019-04-04 05:00","2019","04","04","05:00","6.3","","-4.2","","47","","26","","11","","24.1","","88.12","","","","","","Mostly Cloudy"
"2019-04-04 06:00","2019","04","04","06:00","6.2","","-4.7","","46","","26","","18","","64.4","","88.13","","","","","","NA"
"2019-04-04 07:00","2019","04","04","07:00","7.7","","-4.2","","43","","28","","21","","64.4","","88.21","","","","","","NA"
"2019-04-04 08:00","2019","04","04","08:00","7.2","","-2.9","","49","","35","","9","","64.4","","88.31","","","","","","Mainly Clear"
"2019-04-04 09:00","2019","04","04","09:00","9.5","","-3.0","","41","","1","","17","","64.4","","88.36","","","","","","NA"
"2019-04-04 10:00","2019","04","04","10:00","10.0","","-3.2","","39","","3","","17","","64.4","","88.40","","","","","","NA"
"2019-04-04 11:00","2019","04","04","11:00","11.1","","-3.4","","36","","5","","16","","64.4","","88.42","","","","","","Mainly Clear"
"2019-04-04 12:00","2019","04","04","12:00","11.2","","-2.2","","39","","5","","19","","64.4","","88.42","","","","","","NA"
"2019-04-04 13:00","2019","04","04","13:00","11.6","","-1.7","","39","","4","","18","","64.4","","88.42","","","","","","NA"
"2019-04-04 14:00","2019","04","04","14:00","11.4","","-0.6","","43","","5","","12","","64.4","","88.44","","","","","","Mostly Cloudy"
"2019-04-04 15:00","2019","04","04","15:00","12.0","","-1.2","","40","","3","","17","","64.4","","88.44","","","","","","NA"
"2019-04-04 16:00","2019","04","04","16:00","11.7","","-1.2","","41","","5","","22","","64.4","","88.47","","","","","","NA"
"2019-04-04 17:00","2019","04","04","17:00","9.6","","0.1","","51","","3","","35","","8.1","","88.50","","","","","","Haze"
"2019-04-04 18:00","2019","04","04","18:00","6.7","","-0.2","","61","","3","","34","","9.7","","88.58","","","","","","Haze"
"2019-04-04 19:00","2019","04","04","19:00","4.8","","-0.4","","69","","2","","21","","14.5","","88.64","","","","","","NA"
"2019-04-04 20:00","2019","04","04","20:00","3.4","","-0.9","","73","","2","","16","","16.1","","88.71","","","","","","Mainly Clear"
"2019-04-04 21:00","2019","04","04","21:00","3.0","","-1.3","","73","","3","","14","","16.1","","88.79","","","","","","NA"
"2019-04-04 22:00","2019","04","04","22:00","1.3","","-2.2","","77","","4","","15","","19.3","","88.82","","","","","","NA"
"2019-04-04 23:00","2019","04","04","23:00","1.1","","-2.0","","80","","6","","7","","24.1","","88.82","","","","","","Mostly Cloudy"
"2019-04-05 00:00","2019","04","05","00:00","0.3","","-2.1","","84","","6","","7","","19.3","","88.82","","","","","","NA"
"2019-04-05 01:00","2019","04","05","01:00","0.2","","-1.5","","88","","8","","6","","12.9","","88.81","","","","","","NA"
"2019-04-05 02:00","2019","04","05","02:00","0.4","","-1.2","","89","","14","","7","","9.7","","88.77","","","","","","Fog"
"2019-04-05 03:00","2019","04","05","03:00","0.0","","-1.5","","90","","14","","8","","6.4","","88.73","","","","-3","","Fog"
"2019-04-05 04:00","2019","04","05","04:00","-0.6","","-1.8","","92","","16","","14","","4.8","","88.70","","","","-5","","Fog"
"2019-04-05 05:00","2019","04","05","05:00","-1.5","","-2.5","","93","","15","","15","","0.4","","88.66","","","","-6","","Freezing Fog"
"2019-04-05 06:00","2019","04","05","06:00","-1.8","","-2.5","","95","","18","","13","","0.4","","88.63","","","","-6","","Freezing Fog"
"2019-04-05 07:00","2019","04","05","07:00","-1.6","","-2.2","","95","","17","","13","","2.4","","88.60","","","","-6","","Fog"
"2019-04-05 08:00","2019","04","05","08:00","0.5","","-0.8","","91","","18","","17","","8.1","","88.56","","","","","","Fog"
"2019-04-05 09:00","2019","04","05","09:00","2.9","","-0.6","","78","","14","","15","","11.3","","88.52","","","","","","NA"
"2019-04-05 10:00","2019","04","05","10:00","4.7","","-1.6","","64","","18","","21","","11.3","","88.48","","","","","","NA"
"2019-04-05 11:00","2019","04","05","11:00","5.8","","-0.6","","63","","17","","22","","14.5","","88.45","","","","","","Cloudy"
"2019-04-05 12:00","2019","04","05","12:00","7.0","","-0.6","","58","","16","","28","","24.1","","88.37","","","","","","NA"
"2019-04-05 13:00","2019","04","05","13:00","8.1","","-0.4","","55","","14","","23","","24.1","","88.27","","","","","","NA"
"2019-04-05 14:00","2019","04","05","14:00","9.0","","-1.2","","48","","14","","27","","24.1","","88.18","","","","","","Cloudy"
"2019-04-05 15:00","2019","04","05","15:00","9.9","","-0.8","","47","","15","","21","","24.1","","88.12","","","","","","NA"
"2019-04-05 16:00","2019","04","05","16:00","9.8","","-1.2","","46","","17","","26","","24.1","","88.07","","","","","","NA"
"2019-04-05 17:00","2019","04","05","17:00","9.9","","-0.8","","47","","18","","24","","24.1","","88.01","","","","","","Cloudy"
"2019-04-05 18:00","2019","04","05","18:00","9.3","","-0.7","","49","","17","","25","","24.1","","87.97","","","","","","NA"
"2019-04-05 19:00","2019","04","05","19:00","8.2","","-0.8","","53","","16","","22","","16.1","","87.92","","","","","","NA"
"2019-04-05 20:00","2019","04","05","20:00","7.2","","-0.6","","58","","14","","21","","16.1","","87.89","","","","","","Mainly Clear"
"2019-04-05 21:00","2019","04","05","21:00","5.6","","-0.7","","64","","15","","16","","24.1","","87.86","","","","","","NA"
"2019-04-05 22:00","2019","04","05","22:00","4.7","","-0.5","","69","","13","","14","","24.1","","87.83","","","","","","NA"
"2019-04-05 23:00","2019","04","05","23:00","4.1","","-0.6","","72","","15","","4","","24.1","","87.78","","","","","","Mainly Clear"
"2019-04-06 00:00","2019","04","06","00:00","3.3","","-1.4","","71","","17","","13","","24.1","","87.72","","","","","","NA"
"2019-04-06 01:00","2019","04","06","01:00","3.8","","-0.8","","72","","16","","7","","24.1","","87.67","","","","","","NA"
"2019-04-06 02:00","2019","04","06","02:00","2.6","","-1.1","","77","","25","","8","","24.1","","87.58","","","","","","Mainly Clear"
"2019-04-06 03:00","2019","04","06","03:00","1.3","","-1.6","","81","","19","","13","","24.1","","87.56","","","","","","NA"
"2019-04-06 04:00","2019","04","06","04:00","2.1","","-0.7","","82","","22","","7","","24.1","","87.52","","","","","","NA"
"2019-04-06 05:00","2019","04","06","05:00","3.0","","0.1","","81","","22","","8","","24.1","","87.50","","","","","","Cloudy"
"2019-04-06 06:00","2019","04","06","06:00","2.7","","-0.8","","78","","23","","5","","32.2","","87.42","","","","","","NA"
"2019-04-06 07:00","2019","04","06","07:00","3.0","","-0.4","","78","","23","","9","","64.4","","87.38","","","","","","NA"
"2019-04-06 08:00","2019","04","06","08:00","4.5","","-1.2","","67","","22","","13","","64.4","","87.36","","","","","","Mostly Cloudy"
"2019-04-06 09:00","2019","04","06","09:00","9.3","","-3.5","","40","","28","","37","","64.4","","87.37","","","","","","NA"
"2019-04-06 10:00","2019","04","06","10:00","9.5","","-4.6","","36","","27","","30","","64.4","","87.39","","","","","","NA"
"2019-04-06 11:00","2019","04","06","11:00","10.9","","-7.5","","27","","29","","30","","64.4","","87.44","","","","","","Mostly Cloudy"
"2019-04-06 12:00","2019","04","06","12:00","11.3","","-11.0","","20","","28","","32","","64.4","","87.47","","","","","","NA"
"2019-04-06 13:00","2019","04","06","13:00","12.3","","-11.7","","18","","28","","36","","64.4","","87.49","","","","","","NA"
"2019-04-06 14:00","2019","04","06","14:00","12.8","","-10.7","","18","","29","","34","","64.4","","87.52","","","","","","Mainly Clear"
"2019-04-06 15:00","2019","04","06","15:00","11.8","","-10.9","","19","","27","","26","","64.4","","87.55","","","","","","NA"
"2019-04-06 16:00","2019","04","06","16:00","10.7","","-10.9","","21","","28","","38","","64.4","","87.60","","","","","","NA"
"2019-04-06 17:00","2019","04","06","17:00","9.9","","-8.8","","26","","27","","36","","64.4","","87.66","","","","","","Mostly Cloudy"
"2019-04-06 18:00","2019","04","06","18:00","8.5","","-6.6","","34","","27","","22","","64.4","","87.74","","","","","","NA"
"2019-04-06 19:00","2019","04","06","19:00","8.1","","-6.2","","36","","26","","18","","32.2","","87.80","","","","","","NA"
"2019-04-06 20:00","2019","04","06","20:00","7.6","","-7.0","","35","","28","","15","","16.1","","87.88","","","","","","Mostly Cloudy"
"2019-04-06 21:00","2019","04","06","21:00","7.0","","-7.3","","35","","28","","16","","24.1","","87.92","","","","","","NA"
"2019-04-06 22:00","2019","04","06","22:00","5.1","","-7.2","","41","","28","","9","","24.1","","87.95","","","","","","NA"
"2019-04-06 23:00","2019","04","06","23:00","4.3","","-7.1","","43","","26","","9","","24.1","","87.98","","","","","","Clear"
"2019-04-07 00:00","2019","04","07","00:00","3.9","","-7.3","","44","","23","","9","","24.1","","88.04","","","","","","NA"
"2019-04-07 01:00","2019","04","07","01:00","3.2","","-7.4","","46","","26","","10","","24.1","","88.09","","","","","","NA"
"2019-04-07 02:00","2019","04","07","02:00","3.3","","-7.7","","44","","26","","8","","24.1","","88.12","","","","","","Mainly Clear"
"2019-04-07 03:00","2019","04","07","03:00","4.6","","-8.5","","38","","27","","16","","24.1","","88.07","","","","","","NA"
"2019-04-07 04:00","2019","04","07","04:00","4.8","","-9.6","","35","","23","","12","","24.1","","88.06","","","","","","NA"
"2019-04-07 05:00","2019","04","07","05:00","5.0","","-9.1","","35","","26","","22","","24.1","","88.03","","","","","","Mostly Cloudy"
"2019-04-07 06:00","2019","04","07","06:00","4.2","","-8.9","","38","","24","","13","","64.4","","88.04","","","","","","NA"
"2019-04-07 07:00","2019","04","07","07:00","4.5","","-8.6","","38","","19","","11","","64.4","","88.06","","","","","","NA"
"2019-04-07 08:00","2019","04","07","08:00","5.8","","-9.5","","33","","22","","17","","64.4","","88.07","","","","","","Mostly Cloudy"
"2019-04-07 09:00","2019","04","07","09:00","6.8","","-9.3","","31","","27","","12","","64.4","","88.09","","","","","","NA"
"2019-04-07 10:00","2019","04","07","10:00","7.4","","-9.3","","30","","28","","8","","64.4","","88.04","","","","","","NA"
"2019-04-07 11:00","2019","04","07","11:00","8.7","","-9.2","","27","","28","","10","","64.4","","88.06","","","","","","Mostly Cloudy"
"2019-04-07 12:00","2019","04","07","12:00","9.5","","-9.5","","25","","28","","14","","64.4","","88.05","","","","","","NA"
"2019-04-07 13:00","2019","04","07","13:00","11.6","","-7.8","","25","","33","","7","","64.4","","88.01","","","","","","NA"
"2019-04-07 14:00","2019","04","07","14:00","10.3","","-8.8","","25","","19","","8","","64.4","","87.99","","","","","","Mostly Cloudy"
"2019-04-07 15:00","2019","04","07","15:00","11.5","","-7.6","","25","","20","","11","","48.3","","87.99","","","","","","NA"
"2019-04-07 16:00","2019","04","07","16:00","13.0","","-9.4","","20","","26","","23","","40.2","","87.99","","","","","","NA"
"2019-04-07 17:00","2019","04","07","17:00","11.4","","-6.8","","27","","35","","27","","40.2","","88.09","","","","","","Mainly Clear"
"2019-04-07 18:00","2019","04","07","18:00","11.2","","-6.7","","28","","27","","23","","32.2","","88.17","","","","","","NA"
"2019-04-07 19:00","2019","04","07","19:00","8.3","","-4.7","","39","","30","","7","","11.3","","88.28","","","","","","NA"
"2019-04-07 20:00","2019","04","07","20:00","7.2","","-6.7","","37","","32","","22","","16.1","","88.38","","","","","","Mainly Clear"
"2019-04-07 21:00","2019","04","07","21:00","4.2","","-2.6","","61","","4","","17","","24.1","","88.52","","","","","","NA"
"2019-04-07 22:00","2019","04","07","22:00","4.3","","-2.5","","61","","26","","4","","24.1","","88.59","","","","","","NA"
"2019-04-07 23:00","2019","04","07","23:00","4.0","","-3.5","","58","","25","","4","","24.1","","88.63","","","","","","Mainly Clear"
"2019-04-08 00:00","2019","04","08","00:00","3.3","","-5.6","","52","","36","","2","","24.1","","88.67","","","","","","NA"
"2019-04-08 01:00","2019","04","08","01:00","-0.2","","-7.0","","60","","3","","8","","24.1","","88.73","","","","-3","","NA"
"2019-04-08 02:00","2019","04","08","02:00","0.1","","-7.2","","58","","33","","5","","24.1","","88.75","","","","","","Mainly Clear"
"2019-04-08 03:00","2019","04","08","03:00","5.2","","-7.2","","40","","28","","24","","24.1","","88.80","","","","","","NA"
"2019-04-08 04:00","2019","04","08","04:00","4.8","","-7.7","","40","","28","","23","","24.1","","88.85","","","","","","NA"
"2019-04-08 05:00","2019","04","08","05:00","2.8","","-8.3","","44","","33","","11","","32.2","","88.89","","","","","","Clear"
"2019-04-08 06:00","2019","04","08","06:00","4.0","","-8.8","","39","","30","","17","","64.4","","88.95","","","","","","NA"
"2019-04-08 07:00","2019","04","08","07:00","5.7","","-9.0","","34","","29","","22","","64.4","","88.99","","","","","","NA"
"2019-04-08 08:00","2019","04","08","08:00","7.0","","-8.6","","32","","29","","21","","64.4","","89.02","","","","","","Clear"
"2019-04-08 09:00","2019","04","08","09:00","8.7","","-9.5","","27","","33","","13","","64.4","","89.04","","","","","","NA"
"2019-04-08 10:00","2019","04","08","10:00","9.1","","-9.6","","26","","34","","10","","64.4","","89.05","","","","","","NA"
"2019-04-08 11:00","2019","04","08","11:00","10.5","","-7.3","","28","","5","","8","","64.4","","89.05","","","","","","Mainly Clear"
"2019-04-08 12:00","2019","04","08","12:00","10.1","","-8.0","","27","","12","","5","","64.4","","89.04","","","","","","NA"
"2019-04-08 13:00","2019","04","08","13:00","11.6","","-7.8","","25","","16","","8","","64.4","","88.96","","","","","","NA"
"2019-04-08 14:00","2019","04","08","14:00","11.9","","-9.3","","22","","16","","10","","64.4","","88.90","","","","","","Clear"
"2019-04-08 15:00","2019","04","08","15:00","13.3","","-9.6","","19","","14","","14","","64.4","","88.86","","","","","","NA"
"2019-04-08 16:00","2019","04","08","16:00","13.6","","-9.7","","19","","17","","17","","64.4","","88.81","","","","","","NA"
"2019-04-08 17:00","2019","04","08","17:00","12.6","","-10.1","","20","","14","","16","","56.3","","88.82","","","","","","Mainly Clear"
"2019-04-08 18:00","2019","04","08","18:00","12.1","","-9.4","","21","","13","","17","","64.4","","88.79","","","","","","NA"
"2019-04-08 19:00","2019","04","08","19:00","10.1","","-9.5","","24","","11","","17","","64.4","","88.76","","","","","","NA"
"2019-04-08 20:00","2019","04","08","20:00","8.0","","-9.1","","29","","12","","16","","32.2","","88.76","","","","","","Mainly Clear"
"2019-04-08 21:00","2019","04","08","21:00","7.1","","-9.4","","30","","12","","20","","24.1","","88.76","","","","","","NA"
"2019-04-08 22:00","2019","04","08","22:00","5.9","","-9.2","","33","","13","","18","","24.1","","88.75","","","","","","NA"
"2019-04-08 23:00","2019","04","08","23:00","4.6","","-8.8","","37","","13","","11","","24.1","","88.74","","","","","","Clear"
"2019-04-09 00:00","2019","04","09","00:00","4.1","","-8.8","","39","","19","","4","","24.1","","88.73","","","","","","NA"
"2019-04-09 01:00","2019","04","09","01:00","-0.1","","-9.7","","48","","4","","5","","24.1","","88.72","","","","-2","","NA"
"2019-04-09 02:00","2019","04","09","02:00","-1.7","","-9.1","","57","","36","","7","","24.1","","88.70","","","","-4","","Mainly Clear"
"2019-04-09 03:00","2019","04","09","03:00","-1.8","","-8.8","","59","","35","","8","","24.1","","88.70","","","","-5","","NA"
"2019-04-09 04:00","2019","04","09","04:00","-2.9","","-9.1","","62","","32","","6","","24.1","","88.71","","","","-5","","NA"
"2019-04-09 05:00","2019","04","09","05:00","-3.0","","-8.8","","64","","36","","7","","24.1","","88.71","","","","-6","","Clear"
"2019-04-09 06:00","2019","04","09","06:00","-4.2","","-9.3","","68","","36","","8","","64.4","","88.71","","","","-8","","NA"
"2019-04-09 07:00","2019","04","09","07:00","-1.1","","-7.3","","63","","35","","7","","64.4","","88.74","","","","-4","","NA"
"2019-04-09 08:00","2019","04","09","08:00","2.6","","-7.0","","49","","33","","8","","24.1","","88.74","","","","","","Mostly Cloudy"
"2019-04-09 09:00","2019","04","09","09:00","6.1","","-6.1","","41","","36","","6","","24.1","","88.73","","","","","","NA"
"2019-04-09 10:00","2019","04","09","10:00","7.5","","-5.6","","39","","36","","1","","64.4","","88.73","","","","","","NA"
"2019-04-09 11:00","2019","04","09","11:00","9.2","","-6.6","","32","","12","","17","","24.1","","88.74","","","","","","Mostly Cloudy"
"2019-04-09 12:00","2019","04","09","12:00","11.2","","-7.0","","27","","15","","18","","64.4","","88.71","","","","","","NA"
"2019-04-09 13:00","2019","04","09","13:00","11.4","","-7.9","","25","","13","","19","","64.4","","88.71","","","","","","NA"
"2019-04-09 14:00","2019","04","09","14:00","12.4","","-7.9","","24","","17","","16","","64.4","","88.70","","","","","","Cloudy"
"2019-04-09 15:00","2019","04","09","15:00","13.0","","-7.4","","23","","11","","22","","64.4","","88.71","","","","","","NA"
"2019-04-09 16:00","2019","04","09","16:00","12.0","","-8.1","","24","","12","","17","","64.4","","88.71","","","","","","NA"
"2019-04-09 17:00","2019","04","09","17:00","12.2","","-8.5","","23","","17","","18","","64.4","","88.73","","","","","","Mostly Cloudy"
"2019-04-09 18:00","2019","04","09","18:00","11.3","","-8.3","","24","","16","","19","","48.3","","88.76","","","","","","NA"
"2019-04-09 19:00","2019","04","09","19:00","10.2","","-8.1","","27","","14","","18","","48.3","","88.79","","","","","","NA"
"2019-04-09 20:00","2019","04","09","20:00","8.5","","-7.7","","31","","13","","14","","24.1","","88.81","","","","","","Mostly Cloudy"
"2019-04-09 21:00","2019","04","09","21:00","7.2","","-7.2","","35","","14","","14","","24.1","","88.86","","","","","","NA"
"2019-04-09 22:00","2019","04","09","22:00","5.8","","-6.4","","41","","17","","9","","24.1","","88.88","","","","","","NA"
"2019-04-09 23:00","2019","04","09","23:00","4.6","","-5.6","","47","","16","","11","","24.1","","88.88","","","","","","Mostly Cloudy"
"2019-04-10 00:00","2019","04","10","00:00","3.6","","-5.4","","52","","17","","12","","24.1","","88.91","","","","","","NA"
"2019-04-10 01:00","2019","04","10","01:00","3.5","","-4.8","","54","","20","","8","","24.1","","88.95","","","","","","NA"
"2019-04-10 02:00","2019","04","10","02:00","3.0","","-5.0","","56","","19","","10","","24.1","","88.96","","","","","","Mostly Cloudy"
"2019-04-10 03:00","2019","04","10","03:00","4.1","","-4.9","","52","","26","","3","","24.1","","88.97","","","","","","NA"
"2019-04-10 04:00","2019","04","10","04:00","4.9","","-4.4","","51","","34","","5","","24.1","","89.00","","","","","","NA"
"2019-04-10 05:00","2019","04","10","05:00","3.4","","-3.1","","63","","36","","13","","24.1","","89.02","","","","","","Mostly Cloudy"
"2019-04-10 06:00","2019","04","10","06:00","2.8","","-2.1","","71","","8","","9","","48.3","","89.05","","","","","","NA"
"2019-04-10 07:00","2019","04","10","07:00","3.5","","-2.0","","67","","11","","6","","24.1","","89.10","","","","","","NA"
"2019-04-10 08:00","2019","04","10","08:00","6.0","","-1.3","","60","","10","","9","","24.1","","89.10","","","","","","Cloudy"
"2019-04-10 09:00","2019","04","10","09:00","7.1","","-2.7","","50","","14","","13","","24.1","","89.07","","","","","","NA"
"2019-04-10 10:00","2019","04","10","10:00","8.8","","-4.2","","40","","18","","22","","24.1","","89.03","","","","","","NA"
"2019-04-10 11:00","2019","04","10","11:00","9.7","","-4.8","","36","","17","","29","","24.1","","88.99","","","","","","Mostly Cloudy"
"2019-04-10 12:00","2019","04","10","12:00","9.5","","-4.8","","36","","18","","26","","24.1","","88.93","","","","","","NA"
"2019-04-10 13:00","2019","04","10","13:00","11.3","","-6.0","","29","","16","","36","","24.1","","88.88","","","","","","NA"
"2019-04-10 14:00","2019","04","10","14:00","10.9","","-6.4","","29","","18","","37","","24.1","","88.87","","","","","","Mostly Cloudy"
"2019-04-10 15:00","2019","04","10","15:00","9.1","","-5.5","","35","","17","","30","","24.1","","88.82","","","","","","NA"
"2019-04-10 16:00","2019","04","10","16:00","7.1","","-0.5","","58","","27","","16","","24.1","","88.81","","","","","","NA"
"2019-04-10 17:00","2019","04","10","17:00","7.0","","-1.0","","57","","27","","12","","24.1","","88.78","","","","","","Mostly Cloudy"
"2019-04-10 18:00","2019","04","10","18:00","6.3","","-0.5","","62","","25","","11","","24.1","","88.76","","","","","","NA"
"2019-04-10 19:00","2019","04","10","19:00","6.0","","-1.1","","60","","17","","6","","24.1","","88.74","","","","","","NA"
"2019-04-10 20:00","2019","04","10","20:00","6.1","","-1.0","","60","","30","","7","","22.5","","88.73","","","","","","Rain Showers"
"2019-04-10 21:00","2019","04","10","21:00","5.6","","0.3","","69","","28","","10","","20.9","","88.73","","","","","","Rain Showers"
"2019-04-10 22:00","2019","04","10","22:00","4.6","","0.2","","73","","31","","8","","24.1","","88.70","","","","","","NA"
"2019-04-10 23:00","2019","04","10","23:00","4.8","","0.1","","71","","23","","11","","24.1","","88.67","","","","","","Mostly Cloudy"
"2019-04-11 00:00","2019","04","11","00:00","4.3","","0.2","","74","","24","","11","","24.1","","88.64","","","","","","NA"
"2019-04-11 01:00","2019","04","11","01:00","3.8","","0.4","","78","","22","","8","","24.1","","88.61","","","","","","NA"
"2019-04-11 02:00","2019","04","11","02:00","3.7","","0.5","","80","","20","","4","","24.1","","88.56","","","","","","Mostly Cloudy"
"2019-04-11 03:00","2019","04","11","03:00","2.8","","-0.2","","81","","6","","7","","24.1","","88.54","","","","","","NA"
"2019-04-11 04:00","2019","04","11","04:00","2.4","","-0.3","","83","","36","","2","","24.1","","88.54","","","","","","NA"
"2019-04-11 05:00","2019","04","11","05:00","1.5","","-0.8","","84","","34","","9","","24.1","","88.53","","","","","","Mostly Cloudy"
"2019-04-11 06:00","2019","04","11","06:00","0.6","","-1.4","","87","","2","","10","","19.3","","88.53","","","","","","NA"
"2019-04-11 07:00","2019","04","11","07:00","2.3","","0.0","","85","","35","","7","","24.1","","88.55","","","","","","NA"
"2019-04-11 08:00","2019","04","11","08:00","3.0","","0.1","","81","","7","","5","","16.1","","88.57","","","","","","Mostly Cloudy"
"2019-04-11 09:00","2019","04","11","09:00","5.3","","1.0","","74","","7","","9","","24.1","","88.56","","","","","","NA"
"2019-04-11 10:00","2019","04","11","10:00","4.6","","0.4","","74","","31","","13","","24.1","","88.57","","","","","","NA"
"2019-04-11 11:00","2019","04","11","11:00","3.6","","0.2","","79","","35","","18","","16.1","","88.62","","","","","","Rain Showers"
"2019-04-11 12:00","2019","04","11","12:00","3.0","","0.6","","84","","1","","22","","8.1","","88.60","","","","","","Rain Showers,Fog"
"2019-04-11 13:00","2019","04","11","13:00","3.5","","1.8","","89","","35","","20","","8.1","","88.60","","","","","","Rain Showers,Fog"
"2019-04-11 14:00","2019","04","11","14:00","3.2","","1.3","","87","","35","","25","","9.7","","88.62","","","","","","Fog"
"2019-04-11 15:00","2019","04","11","15:00","2.9","","1.3","","89","","35","","25","","9.7","","88.61","","","","","","Fog"
"2019-04-11 16:00","2019","04","11","16:00","2.4","","0.8","","89","","35","","22","","9.7","","88.61","","","","","","Rain Showers,Fog"
"2019-04-11 17:00","2019","04","11","17:00","1.1","","-0.4","","90","","34","","23","","1.2","","88.64","","","","","","Rain Showers,Snow Showers,Fog"
"2019-04-11 18:00","2019","04","11","18:00","0.3","","-0.6","","93","","36","","20","","1.0","","88.67","","","","","","Snow Showers"
"2019-04-11 19:00","2019","04","11","19:00","0.8","","-0.1","","94","","35","","13","","6.4","","88.71","","","","","","Snow Showers,Snow Pellets,Fog"
"2019-04-11 20:00","2019","04","11","20:00","0.6","","-0.2","","94","","36","","14","","6.4","","88.73","","","","","","Rain Showers,Fog"
"2019-04-11 21:00","2019","04","11","21:00","0.6","","-0.2","","94","","35","","11","","6.4","","88.74","","","","","","Ice Pellet Showers,Snow Showers,Fog"
"2019-04-11 22:00","2019","04","11","22:00","0.6","","-0.2","","95","","33","","9","","3.2","","88.74","","","","","","Snow Pellets,Fog"
"2019-04-11 23:00","2019","04","11","23:00","0.3","","-0.4","","95","","36","","10","","2.4","","88.73","","","","","","Snow Showers,Fog"
"2019-04-12 00:00","2019","04","12","00:00","0.4","","-0.3","","95","","35","","14","","6.4","","88.73","","","","","","Snow Showers,Fog"
"2019-04-12 01:00","2019","04","12","01:00","0.3","","-0.5","","94","","34","","18","","8.1","","88.74","","","","","","Snow Showers,Fog"
"2019-04-12 02:00","2019","04","12","02:00","0.3","","-0.7","","93","","35","","20","","8.1","","88.76","","","","","","Snow Pellets,Fog"
"2019-04-12 03:00","2019","04","12","03:00","0.0","","-1.2","","92","","36","","21","","8.1","","88.78","","","","-5","","Fog"
"2019-04-12 04:00","2019","04","12","04:00","-0.3","","-1.6","","91","","36","","27","","9.7","","88.78","","","","-7","","Fog"
"2019-04-12 05:00","2019","04","12","05:00","-0.8","","-2.0","","91","","34","","15","","8.1","","88.83","","","","-5","","Fog"
"2019-04-12 06:00","2019","04","12","06:00","-1.0","","-2.2","","92","","36","","11","","6.4","","88.87","","","","-5","","Fog"
"2019-04-12 07:00","2019","04","12","07:00","-1.1","","-2.5","","91","","34","","19","","6.4","","88.88","","","","-6","","Fog"
"2019-04-12 08:00","2019","04","12","08:00","-1.0","","-2.1","","92","","2","","18","","6.4","","88.90","","","","-6","","Fog"
"2019-04-12 09:00","2019","04","12","09:00","-0.6","","-2.4","","88","","35","","12","","8.1","","88.89","","","","-5","","Fog"
"2019-04-12 10:00","2019","04","12","10:00","0.5","","-1.7","","85","","36","","14","","16.1","","88.87","","","","","","NA"
"2019-04-12 11:00","2019","04","12","11:00","2.2","","-1.6","","76","","2","","12","","24.1","","88.86","","","","","","Mainly Clear"
"2019-04-12 12:00","2019","04","12","12:00","3.0","","-1.1","","74","","35","","10","","16.1","","88.82","","","","","","NA"
"2019-04-12 13:00","2019","04","12","13:00","4.7","","-1.6","","64","","29","","9","","16.1","","88.76","","","","","","NA"
"2019-04-12 14:00","2019","04","12","14:00","5.6","","-1.5","","60","","28","","5","","16.1","","88.69","","","","","","Mostly Cloudy"
"2019-04-12 15:00","2019","04","12","15:00","7.4","","-1.6","","53","","17","","6","","16.1","","88.63","","","","","","NA"
"2019-04-12 16:00","2019","04","12","16:00","6.9","","-2.8","","50","","18","","16","","16.1","","88.55","","","","","","NA"
"2019-04-12 17:00","2019","04","12","17:00","7.0","","-3.5","","47","","22","","13","","24.1","","88.54","","","","","","Mainly Clear"
"2019-04-12 18:00","2019","04","12","18:00","6.7","","-2.7","","51","","20","","14","","24.1","","88.49","","","","","","NA"
"2019-04-12 19:00","2019","04","12","19:00","5.3","","-2.9","","56","","22","","17","","32.2","","88.46","","","","","","NA"
"2019-04-12 20:00","2019","04","12","20:00","3.6","","-4.1","","57","","19","","8","","24.1","","88.40","","","","","","Mainly Clear"
"2019-04-12 21:00","2019","04","12","21:00","3.2","","-3.5","","62","","19","","9","","24.1","","88.37","","","","","","NA"
"2019-04-12 22:00","2019","04","12","22:00","3.3","","-2.0","","68","","22","","9","","24.1","","88.34","","","","","","NA"
"2019-04-12 23:00","2019","04","12","23:00","1.1","","-3.2","","73","","17","","10","","24.1","","88.32","","","","","","Mostly Cloudy"
"2019-04-13 00:00","2019","04","13","00:00","1.4","","-3.2","","71","","22","","8","","24.1","","88.29","","","","","","NA"
"2019-04-13 01:00","2019","04","13","01:00","0.4","","-3.2","","77","","19","","6","","24.1","","88.27","","","","","","NA"
"2019-04-13 02:00","2019","04","13","02:00","2.0","","-2.7","","71","","27","","7","","24.1","","88.23","","","","","","Clear"
"2019-04-13 03:00","2019","04","13","03:00","-1.0","","-4.2","","79","","17","","9","","24.1","","88.20","","","","-4","","NA"
"2019-04-13 04:00","2019","04","13","04:00","0.4","","-5.0","","67","","23","","7","","24.1","","88.16","","","","","","NA"
"2019-04-13 05:00","2019","04","13","05:00","0.6","","-5.0","","66","","15","","7","","24.1","","88.17","","","","","","Mainly Clear"
"2019-04-13 06:00","2019","04","13","06:00","0.3","","-5.6","","65","","15","","8","","64.4","","88.11","","","","","","NA"
"2019-04-13 07:00","2019","04","13","07:00","0.7","","-4.5","","68","","16","","9","","64.4","","88.07","","","","","","NA"
"2019-04-13 08:00","2019","04","13","08:00","2.7","","-3.5","","64","","17","","9","","64.4","","88.06","","","","","","Mostly Cloudy"
"2019-04-13 09:00","2019","04","13","09:00","5.5","","-6.2","","43","","23","","12","","64.4","","88.01","","","","","","NA"
"2019-04-13 10:00","2019","04","13","10:00","7.1","","-7.0","","36","","23","","11","","64.4","","87.96","","","","","","NA"
"2019-04-13 11:00","2019","04","13","11:00","8.5","","-7.0","","33","","29","","13","","64.4","","87.93","","","","","","Mostly Cloudy"
"2019-04-13 12:00","2019","04","13","12:00","8.3","","-7.8","","31","","28","","10","","64.4","","87.89","","","","","","NA"
"2019-04-13 13:00","2019","04","13","13:00","8.7","","-7.1","","32","","23","","11","","64.4","","87.77","","","","","","NA"
"2019-04-13 14:00","2019","04","13","14:00","9.6","","-6.9","","31","","18","","19","","64.4","","87.67","","","","","","Mostly Cloudy"
"2019-04-13 15:00","2019","04","13","15:00","10.4","","-7.1","","28","","19","","19","","64.4","","87.56","","","","","","NA"
"2019-04-13 16:00","2019","04","13","16:00","10.7","","-5.7","","31","","21","","18","","64.4","","87.45","","","","","","NA"
"2019-04-13 17:00","2019","04","13","17:00","10.5","","-5.6","","32","","18","","7","","64.4","","87.40","","","","","","Cloudy"
"2019-04-13 18:00","2019","04","13","18:00","10.4","","-6.2","","31","","26","","7","","64.4","","87.34","","","","","","NA"
"2019-04-13 19:00","2019","04","13","19:00","9.2","","-4.9","","37","","34","","8","","32.2","","87.29","","","","","","NA"
"2019-04-13 20:00","2019","04","13","20:00","8.6","","-5.1","","37","","28","","8","","24.1","","87.26","","","","","","Mostly Cloudy"
"2019-04-13 21:00","2019","04","13","21:00","7.5","","-4.7","","42","","26","","8","","24.1","","87.25","","","","","","NA"
"2019-04-13 22:00","2019","04","13","22:00","6.2","","-4.4","","47","","26","","12","","24.1","","87.26","","","","","","NA"
"2019-04-13 23:00","2019","04","13","23:00","5.1","","-4.7","","49","","25","","10","","24.1","","87.25","","","","","","Mainly Clear"
"2019-04-14 00:00","2019","04","14","00:00","3.7","","-4.6","","55","","23","","9","","24.1","","87.24","","","","","","NA"
"2019-04-14 01:00","2019","04","14","01:00","2.9","","-4.6","","58","","22","","10","","24.1","","87.23","","","","","","NA"
"2019-04-14 02:00","2019","04","14","02:00","4.0","","-5.3","","51","","25","","7","","24.1","","87.21","","","","","","Mostly Cloudy"
"2019-04-14 03:00","2019","04","14","03:00","3.0","","-5.2","","55","","23","","17","","24.1","","87.18","","","","","","NA"
"2019-04-14 04:00","2019","04","14","04:00","3.5","","-5.9","","50","","25","","11","","24.1","","87.16","","","","","","NA"
"2019-04-14 05:00","2019","04","14","05:00","3.6","","-6.4","","48","","28","","11","","24.1","","87.17","","","","","","Mostly Cloudy"
"2019-04-14 06:00","2019","04","14","06:00","4.1","","-6.7","","45","","29","","16","","48.3","","87.18","","","","","","NA"
"2019-04-14 07:00","2019","04","14","07:00","4.5","","-6.5","","45","","26","","16","","64.4","","87.17","","","","","","NA"
"2019-04-14 08:00","2019","04","14","08:00","4.8","","-6.4","","44","","28","","23","","64.4","","87.23","","","","","","Mostly Cloudy"
"2019-04-14 09:00","2019","04","14","09:00","4.4","","-3.7","","56","","33","","33","","24.1","","87.33","","","","","","NA"
"2019-04-14 10:00","2019","04","14","10:00","3.0","","-1.9","","70","","34","","34","","22.5","","87.39","","","","","","Snow Showers"
"2019-04-14 11:00","2019","04","14","11:00","4.4","","-2.9","","59","","30","","13","","32.2","","87.38","","","","","","Mostly Cloudy"
"2019-04-14 12:00","2019","04","14","12:00","8.9","","-3.9","","40","","35","","16","","64.4","","87.37","","","","","","NA"
"2019-04-14 13:00","2019","04","14","13:00","8.5","","-5.4","","37","","3","","14","","24.1","","87.34","","","","","","NA"
"2019-04-14 14:00","2019","04","14","14:00","7.6","","-2.7","","48","","35","","40","","19.3","","87.40","","","","","","Mostly Cloudy"
"2019-04-14 15:00","2019","04","14","15:00","8.0","","-2.5","","47","","3","","27","","32.2","","87.43","","","","","","NA"
"2019-04-14 16:00","2019","04","14","16:00","7.7","","-5.1","","40","","36","","17","","64.4","","87.46","","","","","","NA"
"2019-04-14 17:00","2019","04","14","17:00","7.5","","-5.6","","39","","34","","10","","48.3","","87.50","","","","","","Mostly Cloudy"
"2019-04-14 18:00","2019","04","14","18:00","7.1","","-3.0","","49","","5","","23","","40.2","","87.55","","","","","","NA"
"2019-04-14 19:00","2019","04","14","19:00","5.8","","-2.7","","55","","5","","7","","32.2","","87.58","","","","","","NA"
"2019-04-14 20:00","2019","04","14","20:00","6.0","","-3.6","","50","","23","","10","","32.2","","87.60","","","","","","Mainly Clear"
"2019-04-14 21:00","2019","04","14","21:00","4.7","","-3.2","","56","","23","","7","","24.1","","87.66","","","","","","NA"
"2019-04-14 22:00","2019","04","14","22:00","1.8","","-4.6","","63","","2","","18","","24.1","","87.73","","","","","","NA"
"2019-04-14 23:00","2019","04","14","23:00","2.4","","-3.7","","64","","27","","8","","24.1","","87.73","","","","","","Mainly Clear"
"2019-04-15 00:00","2019","04","15","00:00","0.6","","-5.3","","64","","23","","7","","24.1","","87.75","","","","","","NA"
"2019-04-15 01:00","2019","04","15","01:00","-2.9","","-7.5","","71","","4","","4","","24.1","","87.80","","","","-4","","NA"
"2019-04-15 02:00","2019","04","15","02:00","-4.0","","-8.0","","74","","36","","2","","24.1","","87.81","","","","-5","","Mainly Clear"
"2019-04-15 03:00","2019","04","15","03:00","-2.7","","-7.0","","72","","21","","5","","24.1","","87.81","","","","-5","","NA"
"2019-04-15 04:00","2019","04","15","04:00","-2.9","","-7.9","","68","","36","","2","","24.1","","87.84","","","","-4","","NA"
"2019-04-15 05:00","2019","04","15","05:00","-2.2","","-8.4","","63","","13","","4","","24.1","","87.87","","","","-4","","Mostly Cloudy"
"2019-04-15 06:00","2019","04","15","06:00","-2.0","","-7.2","","68","","36","","3","","64.4","","87.90","","","","-3","","NA"
"2019-04-15 07:00","2019","04","15","07:00","-1.0","","-6.2","","68","","0","","1","","64.4","","87.94","","","","-1","","NA"
"2019-04-15 08:00","2019","04","15","08:00","1.8","","-6.3","","55","","29","","5","","64.4","","87.96","","","","","","Mostly Cloudy"
"2019-04-15 09:00","2019","04","15","09:00","5.0","","-6.3","","44","","22","","9","","64.4","","87.95","","","","","","NA"
"2019-04-15 10:00","2019","04","15","10:00","6.7","","-9.9","","29","","33","","18","","64.4","","87.94","","","","","","NA"
"2019-04-15 11:00","2019","04","15","11:00","7.5","","-7.9","","33","","36","","13","","64.4","","87.94","","","","","","Mainly Clear"
"2019-04-15 12:00","2019","04","15","12:00","8.7","","-7.0","","32","","1","","12","","64.4","","87.92","","","","","","NA"
"2019-04-15 13:00","2019","04","15","13:00","8.4","","-9.6","","27","","20","","7","","64.4","","87.89","","","","","","NA"
"2019-04-15 14:00","2019","04","15","14:00","7.3","","-7.8","","33","","20","","27","","64.4","","87.90","","","","","","Mostly Cloudy"
"2019-04-15 15:00","2019","04","15","15:00","8.5","","-8.4","","29","","1","","15","","64.4","","87.91","","","","","","NA"
"2019-04-15 16:00","2019","04","15","16:00","8.0","","-8.6","","30","","33","","14","","64.4","","87.95","","","","","","NA"
"2019-04-15 17:00","2019","04","15","17:00","8.0","","-8.3","","31","","30","","5","","64.4","","87.98","","","","","","Cloudy"
"2019-04-15 18:00","2019","04","15","18:00","7.1","","-7.9","","34","","23","","8","","64.4","","88.04","","","","","","NA"
"2019-04-15 19:00","2019","04","15","19:00","7.1","","-8.4","","32","","21","","3","","16.1","","88.04","","","","","","NA"
"2019-04-15 20:00","2019","04","15","20:00","6.3","","-6.8","","39","","23","","9","","16.1","","88.09","","","","","","Mostly Cloudy"
"2019-04-15 21:00","2019","04","15","21:00","5.2","","-6.1","","44","","29","","8","","16.1","","88.17","","","","","","NA"
"2019-04-15 22:00","2019","04","15","22:00","4.2","","-6.1","","47","","24","","6","","24.1","","88.20","","","","","","NA"
"2019-04-15 23:00","2019","04","15","23:00","3.7","","-5.9","","50","","24","","7","","24.1","","88.22","","","","","","Mainly Clear"
"2019-04-16 00:00","2019","04","16","00:00","1.0","","-6.0","","60","","3","","6","","24.1","","88.25","","","","","","NA"
"2019-04-16 01:00","2019","04","16","01:00","0.1","","-5.9","","64","","32","","7","","24.1","","88.29","","","","","","NA"
"2019-04-16 02:00","2019","04","16","02:00","-0.8","","-6.5","","65","","35","","6","","24.1","","88.30","","","","-3","","Mainly Clear"
"2019-04-16 03:00","2019","04","16","03:00","-2.3","","-7.1","","70","","33","","5","","24.1","","88.31","","","","-4","","NA"
"2019-04-16 04:00","2019","04","16","04:00","-3.4","","-7.6","","73","","36","","11","","24.1","","88.33","","","","-8","","NA"
"2019-04-16 05:00","2019","04","16","05:00","-3.2","","-8.0","","70","","35","","7","","48.3","","88.37","","","","-6","","Mainly Clear"
"2019-04-16 06:00","2019","04","16","06:00","-3.5","","-7.9","","72","","28","","3","","64.4","","88.40","","","","-5","","NA"
"2019-04-16 07:00","2019","04","16","07:00","-1.3","","-6.1","","70","","30","","3","","64.4","","88.43","","","","-2","","NA"
"2019-04-16 08:00","2019","04","16","08:00","1.6","","-5.4","","60","","28","","3","","64.4","","88.46","","","","","","Mostly Cloudy"
"2019-04-16 09:00","2019","04","16","09:00","4.9","","-5.5","","47","","25","","4","","64.4","","88.48","","","","","","NA"
"2019-04-16 10:00","2019","04","16","10:00","7.0","","-6.6","","37","","11","","5","","64.4","","88.48","","","","","","NA"
"2019-04-16 11:00","2019","04","16","11:00","8.2","","-6.4","","35","","21","","8","","64.4","","88.47","","","","","","Mostly Cloudy"
"2019-04-16 12:00","2019","04","16","12:00","9.3","","-7.0","","31","","21","","16","","64.4","","88.42","","","","","","NA"
"2019-04-16 13:00","2019","04","16","13:00","9.5","","-9.0","","26","","14","","10","","64.4","","88.37","","","","","","NA"
"2019-04-16 14:00","2019","04","16","14:00","10.8","","-7.2","","27","","17","","9","","64.4","","88.36","","","","","","Mainly Clear"
"2019-04-16 15:00","2019","04","16","15:00","10.0","","-9.1","","25","","35","","5","","64.4","","88.31","","","","","","NA"
"2019-04-16 16:00","2019","04","16","16:00","10.4","","-9.0","","25","","16","","11","","64.4","","88.29","","","","","","NA"
"2019-04-16 17:00","2019","04","16","17:00","11.8","","-8.6","","23","","19","","11","","64.4","","88.28","","","","","","Mostly Cloudy"
"2019-04-16 18:00","2019","04","16","18:00","10.4","","-8.0","","27","","17","","12","","64.4","","88.29","","","","","","NA"
"2019-04-16 19:00","2019","04","16","19:00","9.9","","-11.9","","20","","29","","16","","64.4","","88.31","","","","","","NA"
"2019-04-16 20:00","2019","04","16","20:00","9.0","","-10.9","","23","","29","","17","","32.2","","88.32","","","","","","Mostly Cloudy"
"2019-04-16 21:00","2019","04","16","21:00","8.9","","-11.4","","23","","27","","18","","24.1","","88.35","","","","","","NA"
"2019-04-16 22:00","2019","04","16","22:00","7.2","","-10.5","","27","","24","","5","","24.1","","88.35","","","","","","NA"
"2019-04-16 23:00","2019","04","16","23:00","6.9","","-11.2","","26","","28","","11","","24.1","","88.35","","","","","","Mainly Clear"
"2019-04-17 00:00","2019","04","17","00:00","6.2","","-11.3","","27","","27","","8","","24.1","","88.36","","","","","","NA"
"2019-04-17 01:00","2019","04","17","01:00","4.1","","-10.7","","33","","23","","10","","24.1","","88.37","","","","","","NA"
"2019-04-17 02:00","2019","04","17","02:00","2.8","","-10.0","","39","","36","","2","","24.1","","88.38","","","","","","Mainly Clear"
"2019-04-17 03:00","2019","04","17","03:00","3.1","","-9.6","","39","","23","","5","","24.1","","88.37","","","","","","NA"
"2019-04-17 04:00","2019","04","17","04:00","4.5","","-8.4","","39","","26","","7","","24.1","","88.42","","","","","","NA"
"2019-04-17 05:00","2019","04","17","05:00","2.0","","-7.8","","48","","21","","4","","32.2","","88.42","","","","","","Mostly Cloudy"
"2019-04-17 06:00","2019","04","17","06:00","2.6","","-6.9","","50","","22","","6","","48.3","","88.43","","","","","","NA"
"2019-04-17 07:00","2019","04","17","07:00","4.6","","-6.4","","45","","17","","4","","64.4","","88.47","","","","","","NA"
"2019-04-17 08:00","2019","04","17","08:00","7.5","","-6.1","","37","","27","","12","","64.4","","88.54","","","","","","Mainly Clear"
"2019-04-17 09:00","2019","04","17","09:00","9.6","","-5.4","","34","","29","","22","","64.4","","88.57","","","","","","NA"
"2019-04-17 10:00","2019","04","17","10:00","11.1","","-8.2","","25","","29","","30","","64.4","","88.57","","","","","","NA"
"2019-04-17 11:00","2019","04","17","11:00","11.8","","-4.8","","31","","35","","10","","64.4","","88.60","","","","","","Mostly Cloudy"
"2019-04-17 12:00","2019","04","17","12:00","10.5","","-5.7","","31","","2","","25","","64.4","","88.63","","","","","","NA"
"2019-04-17 13:00","2019","04","17","13:00","10.8","","-7.4","","27","","2","","10","","64.4","","88.60","","","","","","NA"
"2019-04-17 14:00","2019","04","17","14:00","13.4","","-11.5","","17","","27","","26","","64.4","","88.55","","","","","","Mostly Cloudy"
"2019-04-17 15:00","2019","04","17","15:00","13.5","","-11.5","","16","","28","","32","","64.4","","88.55","","","","","","NA"
"2019-04-17 16:00","2019","04","17","16:00","14.1","","-10.8","","17","","28","","36","","64.4","","88.59","","","","","","NA"
"2019-04-17 17:00","2019","04","17","17:00","12.8","","-10.3","","19","","29","","37","","64.4","","88.67","","","","","","Mainly Clear"
"2019-04-17 18:00","2019","04","17","18:00","11.5","","-9.7","","22","","31","","28","","64.4","","88.78","","","","","","NA"
"2019-04-17 19:00","2019","04","17","19:00","10.6","","-9.2","","24","","30","","21","","48.3","","88.86","","","","","","NA"
"2019-04-17 20:00","2019","04","17","20:00","8.9","","-8.8","","28","","30","","17","","32.2","","88.97","","","","","","Mainly Clear"
"2019-04-17 21:00","2019","04","17","21:00","6.6","","-4.5","","45","","6","","12","","24.1","","89.14","","","","","","NA"
"2019-04-17 22:00","2019","04","17","22:00","5.6","","-3.6","","52","","8","","6","","24.1","","89.21","","","","","","NA"
"2019-04-17 23:00","2019","04","17","23:00","5.4","","-2.5","","57","","19","","7","","24.1","","89.26","","","","","","Mostly Cloudy"
"2019-04-18 00:00","2019","04","18","00:00","4.2","","-2.4","","62","","19","","9","","24.1","","89.28","","","","","","NA"
"2019-04-18 01:00","2019","04","18","01:00","3.4","","-2.7","","64","","20","","12","","24.1","","89.29","","","","","","NA"
"2019-04-18 02:00","2019","04","18","02:00","3.8","","-3.0","","61","","23","","12","","24.1","","89.27","","","","","","Clear"
"2019-04-18 03:00","2019","04","18","03:00","2.0","","-2.9","","70","","21","","9","","24.1","","89.21","","","","","","NA"
"2019-04-18 04:00","2019","04","18","04:00","2.4","","-4.2","","62","","19","","5","","24.1","","89.21","","","","","","NA"
"2019-04-18 05:00","2019","04","18","05:00","1.7","","-4.3","","64","","21","","9","","32.2","","89.15","","","","","","Mainly Clear"
"2019-04-18 06:00","2019","04","18","06:00","2.8","","-4.5","","59","","17","","6","","64.4","","89.15","","","","","","NA"
"2019-04-18 07:00","2019","04","18","07:00","3.7","","-3.4","","60","","16","","10","","64.4","","89.13","","","","","","NA"
"2019-04-18 08:00","2019","04","18","08:00","6.7","","-4.5","","45","","18","","16","","64.4","","89.10","","","","","","Mostly Cloudy"
"2019-04-18 09:00","2019","04","18","09:00","8.3","","-3.7","","42","","17","","10","","64.4","","89.08","","","","","","NA"
"2019-04-18 10:00","2019","04","18","10:00","11.7","","-3.0","","36","","21","","9","","64.4","","89.08","","","","","","NA"
"2019-04-18 11:00","2019","04","18","11:00","14.1","","-2.6","","31","","18","","13","","64.4","","89.03","","","","","","Mostly Cloudy"
"2019-04-18 12:00","2019","04","18","12:00","16.2","","-1.9","","29","","15","","14","","64.4","","88.95","","","","","","NA"
"2019-04-18 13:00","2019","04","18","13:00","17.2","","-1.9","","27","","20","","14","","64.4","","88.84","","","","","","NA"
"2019-04-18 14:00","2019","04","18","14:00","18.5","","-1.6","","25","","20","","12","","64.4","","88.78","","","","","","Mostly Cloudy"
"2019-04-18 15:00","2019","04","18","15:00","19.3","","-2.3","","23","","25","","12","","64.4","","88.69","","","","","","NA"
"2019-04-18 16:00","2019","04","18","16:00","18.5","","-1.7","","25","","29","","27","","48.3","","88.64","","","","","","NA"
"2019-04-18 17:00","2019","04","18","17:00","17.9","","-0.6","","28","","29","","21","","48.3","","88.60","","","","","","Mostly Cloudy"
"2019-04-18 18:00","2019","04","18","18:00","18.1","","-0.9","","27","","27","","18","","48.3","","88.52","","","","","","NA"
"2019-04-18 19:00","2019","04","18","19:00","16.5","","-0.6","","31","","29","","30","","48.3","","88.45","","","","","","NA"
"2019-04-18 20:00","2019","04","18","20:00","14.1","","-0.4","","37","","32","","20","","48.3","","88.47","","","","","","Mostly Cloudy"
"2019-04-18 21:00","2019","04","18","21:00","12.7","","0.0","","41","","36","","2","","24.1","","88.44","","","","","","NA"
"2019-04-18 22:00","2019","04","18","22:00","12.1","","-0.1","","43","","29","","9","","24.1","","88.38","","","","","","NA"
"2019-04-18 23:00","2019","04","18","23:00","10.2","","0.4","","50","","22","","5","","24.1","","88.33","","","","","","Mainly Clear"
"2019-04-19 00:00","2019","04","19","00:00","9.9","","0.3","","51","","28","","10","","24.1","","88.30","","","","","","NA"
"2019-04-19 01:00","2019","04","19","01:00","10.4","","0.0","","48","","23","","13","","24.1","","88.26","","","","","","NA"
"2019-04-19 02:00","2019","04","19","02:00","10.1","","-0.4","","48","","23","","8","","24.1","","88.22","","","","","","Mainly Clear"
"2019-04-19 03:00","2019","04","19","03:00","9.3","","-0.4","","51","","24","","10","","24.1","","88.21","","","","","","NA"
"2019-04-19 04:00","2019","04","19","04:00","12.3","","-0.2","","42","","27","","16","","24.1","","88.23","","","","","","NA"
"2019-04-19 05:00","2019","04","19","05:00","5.9","","0.4","","68","","1","","39","","48.3","","88.37","","","","","","Mainly Clear"
"2019-04-19 06:00","2019","04","19","06:00","4.1","","1.1","","81","","36","","16","","64.4","","88.39","","","","","","NA"
"2019-04-19 07:00","2019","04","19","07:00","5.6","","2.2","","79","","36","","16","","56.3","","88.42","","","","","","NA"
"2019-04-19 08:00","2019","04","19","08:00","7.0","","2.8","","74","","36","","16","","48.3","","88.45","","","","","","Mainly Clear"
"2019-04-19 09:00","2019","04","19","09:00","8.1","","1.3","","62","","3","","25","","40.2","","88.44","","","","","","NA"
"2019-04-19 10:00","2019","04","19","10:00","7.1","","1.3","","67","","4","","21","","32.2","","88.48","","","","","","NA"
"2019-04-19 11:00","2019","04","19","11:00","6.8","","1.9","","71","","4","","17","","32.2","","88.44","","","","","","Cloudy"
"2019-04-19 12:00","2019","04","19","12:00","6.0","","1.3","","72","","36","","19","","32.2","","88.43","","","","","","NA"
"2019-04-19 13:00","2019","04","19","13:00","6.8","","0.4","","64","","2","","11","","24.1","","88.39","","","","","","NA"
"2019-04-19 14:00","2019","04","19","14:00","7.1","","0.5","","63","","1","","9","","24.1","","88.35","","","","","","Cloudy"
"2019-04-19 15:00","2019","04","19","15:00","7.2","","0.4","","62","","5","","11","","24.1","","88.28","","","","","","NA"
"2019-04-19 16:00","2019","04","19","16:00","7.0","","0.3","","62","","4","","12","","24.1","","88.26","","","","","","NA"
"2019-04-19 17:00","2019","04","19","17:00","6.7","","-0.2","","61","","1","","18","","24.1","","88.29","","","","","","Cloudy"
"2019-04-19 18:00","2019","04","19","18:00","4.0","","0.6","","78","","36","","31","","17.7","","88.33","","","","","","Rain"
"2019-04-19 19:00","2019","04","19","19:00","2.8","","1.1","","89","","35","","22","","9.7","","88.39","","","","","","Rain,Fog"
"2019-04-19 20:00","2019","04","19","20:00","2.7","","1.3","","90","","35","","7","","9.7","","88.41","","","","","","Rain,Fog"
"2019-04-19 21:00","2019","04","19","21:00","2.8","","1.5","","91","","35","","3","","9.7","","88.44","","","","","","Rain,Fog"
"2019-04-19 22:00","2019","04","19","22:00","3.2","","1.7","","90","","25","","8","","16.1","","88.45","","","","","","Rain"
"2019-04-19 23:00","2019","04","19","23:00","2.8","","1.1","","89","","26","","11","","19.3","","88.45","","","","","","Mostly Cloudy"
"2019-04-20 00:00","2019","04","20","00:00","2.8","","0.8","","86","","25","","12","","24.1","","88.49","","","","","","NA"
"2019-04-20 01:00","2019","04","20","01:00","2.7","","0.6","","86","","26","","11","","24.1","","88.52","","","","","","NA"
"2019-04-20 02:00","2019","04","20","02:00","1.7","","-0.2","","87","","35","","13","","24.1","","88.53","","","","","","Mainly Clear"
"2019-04-20 03:00","2019","04","20","03:00","3.0","","0.3","","83","","26","","6","","24.1","","88.48","","","","","","NA"
"2019-04-20 04:00","2019","04","20","04:00","1.3","","-0.3","","89","","36","","1","","24.1","","88.52","","","","","","NA"
"2019-04-20 05:00","2019","04","20","05:00","1.2","","-0.9","","86","","33","","4","","24.1","","88.59","","","","","","Mostly Cloudy"
"2019-04-20 06:00","2019","04","20","06:00","0.9","","-1.7","","83","","34","","10","","48.3","","88.64","","","","","","NA"
"2019-04-20 07:00","2019","04","20","07:00","1.6","","-1.0","","82","","35","","9","","48.3","","88.68","","","","","","NA"
"2019-04-20 08:00","2019","04","20","08:00","3.7","","-0.8","","72","","34","","14","","48.3","","88.73","","","","","","Mostly Cloudy"
"2019-04-20 09:00","2019","04","20","09:00","5.6","","-1.5","","60","","36","","17","","22.5","","88.74","","","","","","Snow Showers"
"2019-04-20 10:00","2019","04","20","10:00","6.8","","-4.7","","44","","2","","14","","48.3","","88.77","","","","","","NA"
"2019-04-20 11:00","2019","04","20","11:00","7.6","","-4.8","","41","","4","","13","","48.3","","88.80","","","","","","Mostly Cloudy"
"2019-04-20 12:00","2019","04","20","12:00","7.7","","-5.2","","40","","1","","17","","64.4","","88.79","","","","","","NA"
"2019-04-20 13:00","2019","04","20","13:00","7.8","","-4.0","","43","","1","","13","","64.4","","88.79","","","","","","NA"
"2019-04-20 14:00","2019","04","20","14:00","7.8","","-4.4","","42","","4","","8","","56.3","","88.79","","","","","","Mostly Cloudy"
"2019-04-20 15:00","2019","04","20","15:00","9.6","","-4.2","","37","","26","","7","","40.2","","88.77","","","","","","NA"
"2019-04-20 16:00","2019","04","20","16:00","10.9","","-4.2","","34","","15","","9","","40.2","","88.77","","","","","","NA"
"2019-04-20 17:00","2019","04","20","17:00","9.7","","-5.3","","34","","2","","3","","40.2","","88.78","","","","","","Mainly Clear"
"2019-04-20 18:00","2019","04","20","18:00","9.1","","-4.8","","37","","8","","12","","40.2","","88.84","","","","","","NA"
"2019-04-20 19:00","2019","04","20","19:00","8.2","","-4.3","","41","","4","","20","","32.2","","88.90","","","","","","NA"
"2019-04-20 20:00","2019","04","20","20:00","6.5","","-3.8","","48","","6","","12","","24.1","","88.97","","","","","","Mostly Cloudy"
"2019-04-20 21:00","2019","04","20","21:00","5.9","","-3.2","","52","","4","","11","","24.1","","89.03","","","","","","NA"
"2019-04-20 22:00","2019","04","20","22:00","5.9","","-3.0","","53","","6","","7","","24.1","","89.08","","","","","","NA"
"2019-04-20 23:00","2019","04","20","23:00","5.0","","-2.9","","56","","36","","9","","24.1","","89.14","","","","","","Mostly Cloudy"
"2019-04-21 00:00","2019","04","21","00:00","4.3","","-1.2","","67","","36","","2","","24.1","","89.18","","","","","","NA"
"2019-04-21 01:00","2019","04","21","01:00","5.0","","-1.9","","61","","32","","7","","24.1","","89.26","","","","","","NA"
"2019-04-21 02:00","2019","04","21","02:00","3.4","","-5.3","","53","","4","","9","","24.1","","89.29","","","","","","Mostly Cloudy"
"2019-04-21 03:00","2019","04","21","03:00","3.4","","-5.8","","51","","34","","3","","24.1","","89.31","","","","","","NA"
"2019-04-21 04:00","2019","04","21","04:00","3.5","","-6.1","","49","","0","","1","","24.1","","89.34","","","","","","NA"
"2019-04-21 05:00","2019","04","21","05:00","1.2","","-7.1","","54","","36","","5","","24.1","","89.38","","","","","","Mainly Clear"
"2019-04-21 06:00","2019","04","21","06:00","0.7","","-5.9","","61","","33","","5","","48.3","","89.42","","","","","","NA"
"2019-04-21 07:00","2019","04","21","07:00","2.5","","-5.0","","58","","34","","4","","64.4","","89.45","","","","","","NA"
"2019-04-21 08:00","2019","04","21","08:00","4.6","","-4.9","","50","","26","","3","","64.4","","89.45","","","","","","Clear"
"2019-04-21 09:00","2019","04","21","09:00","7.3","","-3.0","","48","","18","","12","","64.4","","89.43","","","","","","NA"
"2019-04-21 10:00","2019","04","21","10:00","9.4","","-2.2","","44","","17","","19","","64.4","","89.43","","","","","","NA"
"2019-04-21 11:00","2019","04","21","11:00","10.8","","-2.4","","39","","19","","14","","64.4","","89.42","","","","","","Mainly Clear"
"2019-04-21 12:00","2019","04","21","12:00","12.8","","-3.1","","33","","16","","18","","64.4","","89.35","","","","","","NA"
"2019-04-21 13:00","2019","04","21","13:00","14.7","","-5.6","","24","","25","","9","","64.4","","89.30","","","","","","NA"
"2019-04-21 14:00","2019","04","21","14:00","14.4","","-9.0","","19","","18","","11","","64.4","","89.25","","","","","","Mainly Clear"
"2019-04-21 15:00","2019","04","21","15:00","15.9","","-8.3","","18","","30","","6","","64.4","","89.21","","","","","","NA"
"2019-04-21 16:00","2019","04","21","16:00","15.9","","-6.9","","20","","36","","3","","64.4","","89.14","","","","","","NA"
"2019-04-21 17:00","2019","04","21","17:00","15.6","","-7.9","","19","","19","","21","","64.4","","89.14","","","","","","Mainly Clear"
"2019-04-21 18:00","2019","04","21","18:00","15.4","","-5.4","","23","","16","","23","","64.4","","89.12","","","","","","NA"
"2019-04-21 19:00","2019","04","21","19:00","13.3","","-4.0","","30","","18","","17","","64.4","","89.13","","","","","","NA"
"2019-04-21 20:00","2019","04","21","20:00","11.1","","-4.4","","33","","17","","17","","64.4","","89.17","","","","","","Mainly Clear"
"2019-04-21 21:00","2019","04","21","21:00","11.4","","-4.1","","33","","15","","29","","24.1","","89.19","","","","","","NA"
"2019-04-21 22:00","2019","04","21","22:00","8.1","","-3.9","","43","","19","","10","","24.1","","89.22","","","","","","NA"
"2019-04-21 23:00","2019","04","21","23:00","7.6","","-3.4","","46","","20","","8","","24.1","","89.22","","","","","","Mainly Clear"
"2019-04-22 00:00","2019","04","22","00:00","7.7","","-6.4","","36","","23","","8","","24.1","","89.26","","","","","","NA"
"2019-04-22 01:00","2019","04","22","01:00","4.4","","-6.2","","46","","31","","6","","24.1","","89.28","","","","","","NA"
"2019-04-22 02:00","2019","04","22","02:00","2.4","","-9.5","","41","","2","","4","","24.1","","89.25","","","","","","Clear"
"2019-04-22 03:00","2019","04","22","03:00","2.1","","-8.6","","45","","19","","4","","24.1","","89.22","","","","","","NA"
"2019-04-22 04:00","2019","04","22","04:00","1.2","","-10.5","","41","","21","","4","","24.1","","89.21","","","","","","NA"
"2019-04-22 05:00","2019","04","22","05:00","0.7","","-9.9","","45","","22","","7","","48.3","","89.18","","","","","","Mainly Clear"
"2019-04-22 06:00","2019","04","22","06:00","2.0","","-10.3","","40","","20","","7","","64.4","","89.12","","","","","","NA"
"2019-04-22 07:00","2019","04","22","07:00","4.4","","-7.9","","41","","19","","10","","64.4","","89.11","","","","","","NA"
"2019-04-22 08:00","2019","04","22","08:00","7.4","","-9.1","","30","","21","","8","","64.4","","89.08","","","","","","Mainly Clear"
"2019-04-22 09:00","2019","04","22","09:00","10.9","","-8.3","","25","","19","","8","","64.4","","88.99","","","","","","NA"
"2019-04-22 10:00","2019","04","22","10:00","14.8","","-7.1","","21","","18","","18","","64.4","","88.88","","","","","","NA"
"2019-04-22 11:00","2019","04","22","11:00","16.7","","-6.3","","20","","18","","14","","64.4","","88.74","","","","","","Mainly Clear"
"2019-04-22 12:00","2019","04","22","12:00","17.6","","-6.3","","19","","25","","12","","64.4","","88.61","","","","","","NA"
"2019-04-22 13:00","2019","04","22","13:00","17.7","","-4.6","","21","","28","","23","","64.4","","88.55","","","","","","NA"
"2019-04-22 14:00","2019","04","22","14:00","17.4","","-3.5","","24","","26","","7","","64.4","","88.47","","","","","","Cloudy"
"2019-04-22 15:00","2019","04","22","15:00","18.0","","-4.0","","22","","28","","16","","64.4","","88.44","","","","","","NA"
"2019-04-22 16:00","2019","04","22","16:00","19.6","","-2.9","","21","","22","","13","","64.4","","88.37","","","","","","NA"
"2019-04-22 17:00","2019","04","22","17:00","18.5","","-2.8","","23","","27","","22","","64.4","","88.33","","","","","","Mostly Cloudy"
"2019-04-22 18:00","2019","04","22","18:00","17.7","","-2.0","","26","","29","","34","","64.4","","88.34","","","","","","NA"
"2019-04-22 19:00","2019","04","22","19:00","17.0","","-1.4","","28","","28","","40","","32.2","","88.29","","","","","","NA"
"2019-04-22 20:00","2019","04","22","20:00","15.0","","-2.1","","31","","28","","36","","32.2","","88.34","","","","","","Mostly Cloudy"
"2019-04-22 21:00","2019","04","22","21:00","13.4","","-1.9","","34","","27","","17","","24.1","","88.42","","","","","","NA"
"2019-04-22 22:00","2019","04","22","22:00","12.3","","-2.5","","35","","26","","20","","24.1","","88.41","","","","","","NA"
"2019-04-22 23:00","2019","04","22","23:00","11.1","","-3.1","","37","","29","","16","","24.1","","88.44","","","","","","Mainly Clear"
"2019-04-23 00:00","2019","04","23","00:00","12.3","","-4.1","","31","","27","","24","","24.1","","88.46","","","","","","NA"
"2019-04-23 01:00","2019","04","23","01:00","12.2","","-4.4","","31","","27","","23","","24.1","","88.45","","","","","","NA"
"2019-04-23 02:00","2019","04","23","02:00","11.3","","-4.1","","34","","24","","9","","24.1","","88.44","","","","","","Mainly Clear"
"2019-04-23 03:00","2019","04","23","03:00","11.6","","-4.4","","32","","25","","9","","24.1","","88.45","","","","","","NA"
"2019-04-23 04:00","2019","04","23","04:00","7.7","","-3.7","","44","","7","","10","","24.1","","88.47","","","","","","NA"
"2019-04-23 05:00","2019","04","23","05:00","10.1","","-4.0","","37","","36","","4","","32.2","","88.48","","","","","","Mostly Cloudy"
"2019-04-23 06:00","2019","04","23","06:00","8.9","","-3.6","","41","","34","","3","","48.3","","88.51","","","","","","NA"
"2019-04-23 07:00","2019","04","23","07:00","10.3","","-3.2","","39","","23","","4","","64.4","","88.57","","","","","","NA"
"2019-04-23 08:00","2019","04","23","08:00","11.8","","-3.4","","34","","31","","11","","64.4","","88.58","","","","","","Mostly Cloudy"
"2019-04-23 09:00","2019","04","23","09:00","12.7","","-4.3","","30","","30","","21","","64.4","","88.56","","","","","","NA"
"2019-04-23 10:00","2019","04","23","10:00","14.0","","-4.9","","27","","30","","21","","64.4","","88.55","","","","","","NA"
"2019-04-23 11:00","2019","04","23","11:00","14.6","","-5.6","","24","","28","","17","","64.4","","88.51","","","","","","Mostly Cloudy"
"2019-04-23 12:00","2019","04","23","12:00","15.3","","-6.3","","22","","31","","19","","64.4","","88.42","","","","","","NA"
"2019-04-23 13:00","2019","04","23","13:00","16.7","","-6.8","","19","","27","","27","","64.4","","88.39","","","","","","NA"
"2019-04-23 14:00","2019","04","23","14:00","16.9","","-7.1","","19","","30","","30","","64.4","","88.40","","","","","","Mainly Clear"
"2019-04-23 15:00","2019","04","23","15:00","16.5","","-7.2","","19","","28","","29","","64.4","","88.38","","","","","","NA"
"2019-04-23 16:00","2019","04","23","16:00","16.5","","-8.8","","17","","29","","31","","64.4","","88.38","","","","","","NA"
"2019-04-23 17:00","2019","04","23","17:00","16.8","","-8.4","","17","","31","","22","","64.4","","88.42","","","","","","Mainly Clear"
"2019-04-23 18:00","2019","04","23","18:00","11.9","","-1.0","","41","","2","","31","","64.4","","88.52","","","","","","NA"
"2019-04-23 19:00","2019","04","23","19:00","11.2","","0.2","","46","","36","","14","","32.2","","88.58","","","","","","NA"
"2019-04-23 20:00","2019","04","23","20:00","7.5","","0.8","","62","","6","","10","","48.3","","88.62","","","","","","Mainly Clear"
"2019-04-23 21:00","2019","04","23","21:00","6.3","","0.9","","68","","1","","6","","24.1","","88.69","","","","","","NA"
"2019-04-23 22:00","2019","04","23","22:00","6.1","","0.3","","66","","33","","3","","24.1","","88.71","","","","","","NA"
"2019-04-23 23:00","2019","04","23","23:00","7.1","","0.2","","61","","26","","8","","24.1","","88.74","","","","","","Clear"
"2019-04-24 00:00","2019","04","24","00:00","3.0","","-1.6","","72","","34","","7","","24.1","","88.78","","","","","","Rain Showers"
"2019-04-24 01:00","2019","04","24","01:00","4.9","","-3.2","","56","","33","","13","","24.1","","88.81","","","","","","NA"
"2019-04-24 02:00","2019","04","24","02:00","4.5","","-2.9","","59","","34","","12","","24.1","","88.81","","","","","","Mostly Cloudy"
"2019-04-24 03:00","2019","04","24","03:00","3.8","","-3.7","","58","","35","","12","","16.1","","88.84","","","","","","NA"
"2019-04-24 04:00","2019","04","24","04:00","3.6","","-4.8","","54","","34","","12","","24.1","","88.84","","","","","","NA"
"2019-04-24 05:00","2019","04","24","05:00","3.1","","-5.9","","52","","35","","13","","32.2","","88.85","","","","","","Mainly Clear"
"2019-04-24 06:00","2019","04","24","06:00","2.3","","-6.0","","55","","34","","10","","64.4","","88.89","","","","","","NA"
"2019-04-24 07:00","2019","04","24","07:00","4.9","","-6.1","","45","","34","","8","","64.4","","88.93","","","","","","NA"
"2019-04-24 08:00","2019","04","24","08:00","6.9","","-7.0","","36","","4","","7","","64.4","","88.92","","","","","","Clear"
"2019-04-24 09:00","2019","04","24","09:00","8.4","","-7.6","","31","","36","","1","","64.4","","88.87","","","","","","NA"
"2019-04-24 10:00","2019","04","24","10:00","10.2","","-7.2","","28","","19","","12","","64.4","","88.81","","","","","","NA"
"2019-04-24 11:00","2019","04","24","11:00","11.0","","-5.9","","30","","17","","12","","56.3","","88.79","","","","","","Mainly Clear"
"2019-04-24 12:00","2019","04","24","12:00","12.4","","-7.3","","25","","30","","21","","64.4","","88.72","","","","","","NA"
"2019-04-24 13:00","2019","04","24","13:00","12.1","","-6.4","","27","","36","","17","","64.4","","88.71","","","","","","NA"
"2019-04-24 14:00","2019","04","24","14:00","11.1","","-5.1","","32","","2","","41","","56.3","","88.83","","","","","","Mainly Clear"
"2019-04-24 15:00","2019","04","24","15:00","8.7","","-1.8","","48","","3","","37","","40.2","","88.95","","","","","","NA"
"2019-04-24 16:00","2019","04","24","16:00","8.4","","-2.3","","47","","1","","30","","40.2","","89.03","","","","","","NA"
"2019-04-24 17:00","2019","04","24","17:00","8.2","","-3.0","","45","","2","","29","","40.2","","89.10","","","","","","Mainly Clear"
"2019-04-24 18:00","2019","04","24","18:00","7.2","","-3.6","","46","","2","","21","","40.2","","89.16","","","","","","NA"
"2019-04-24 19:00","2019","04","24","19:00","6.5","","-3.9","","47","","1","","27","","32.2","","89.22","","","","","","NA"
"2019-04-24 20:00","2019","04","24","20:00","4.2","","-4.2","","54","","36","","26","","24.1","","89.32","","","","","","Mainly Clear"
"2019-04-24 21:00","2019","04","24","21:00","4.0","","-5.6","","50","","34","","13","","24.1","","89.45","","","","","","NA"
"2019-04-24 22:00","2019","04","24","22:00","4.0","","-6.1","","48","","34","","17","","24.1","","89.57","","","","","","NA"
"2019-04-24 23:00","2019","04","24","23:00","2.7","","-7.1","","48","","36","","9","","24.1","","89.63","","","","","","Mostly Cloudy"
"2019-04-25 00:00","2019","04","25","00:00","2.4","","-7.8","","47","","35","","9","","24.1","","89.71","","","","","","NA"
"2019-04-25 01:00","2019","04","25","01:00","2.7","","-8.8","","43","","30","","6","","24.1","","89.76","","","","","","NA"
"2019-04-25 02:00","2019","04","25","02:00","1.7","","-11.3","","38","","35","","7","","24.1","","89.80","","","","","","Mostly Cloudy"
"2019-04-25 03:00","2019","04","25","03:00","1.2","","-12.0","","37","","36","","3","","24.1","","89.81","","","","","","NA"
"2019-04-25 04:00","2019","04","25","04:00","0.4","","-10.7","","43","","36","","1","","24.1","","89.82","","","","","","NA"
"2019-04-25 05:00","2019","04","25","05:00","-0.4","","-10.7","","46","","24","","5","","32.2","","89.82","","","","-2","","Mostly Cloudy"
"2019-04-25 06:00","2019","04","25","06:00","0.5","","-10.3","","44","","23","","6","","48.3","","89.81","","","","","","NA"
"2019-04-25 07:00","2019","04","25","07:00","1.5","","-10.8","","40","","22","","7","","64.4","","89.81","","","","","","NA"
"2019-04-25 08:00","2019","04","25","08:00","3.8","","-11.0","","33","","19","","18","","64.4","","89.76","","","","","","Mainly Clear"
"2019-04-25 09:00","2019","04","25","09:00","5.3","","-7.1","","40","","19","","26","","64.4","","89.69","","","","","","NA"
"2019-04-25 10:00","2019","04","25","10:00","6.6","","-4.3","","46","","17","","20","","64.4","","89.63","","","","","","NA"
"2019-04-25 11:00","2019","04","25","11:00","7.6","","-5.9","","38","","16","","9","","64.4","","89.57","","","","","","Mainly Clear"
"2019-04-25 12:00","2019","04","25","12:00","9.2","","-8.0","","29","","18","","15","","64.4","","89.49","","","","","","NA"
"2019-04-25 13:00","2019","04","25","13:00","10.4","","-10.2","","22","","29","","13","","64.4","","89.40","","","","","","NA"
"2019-04-25 14:00","2019","04","25","14:00","11.3","","-8.3","","24","","18","","7","","64.4","","89.32","","","","","","Mainly Clear"
"2019-04-25 15:00","2019","04","25","15:00","11.7","","-9.4","","22","","13","","19","","48.3","","89.26","","","","","","NA"
"2019-04-25 16:00","2019","04","25","16:00","11.9","","-9.7","","21","","13","","14","","48.3","","89.18","","","","","","NA"
"2019-04-25 17:00","2019","04","25","17:00","11.9","","-9.0","","22","","16","","14","","40.2","","89.13","","","","","","Mostly Cloudy"
"2019-04-25 18:00","2019","04","25","18:00","11.0","","-9.1","","23","","13","","16","","56.3","","89.10","","","","","","NA"
"2019-04-25 19:00","2019","04","25","19:00","9.9","","-9.7","","24","","10","","19","","32.2","","89.08","","","","","","NA"
"2019-04-25 20:00","2019","04","25","20:00","7.6","","-9.1","","30","","9","","16","","24.1","","89.08","","","","","","Mostly Cloudy"
"2019-04-25 21:00","2019","04","25","21:00","6.5","","-9.1","","32","","9","","12","","24.1","","89.10","","","","","","NA"
"2019-04-25 22:00","2019","04","25","22:00","5.8","","-9.2","","33","","10","","9","","24.1","","89.07","","","","","","NA"
"2019-04-25 23:00","2019","04","25","23:00","5.8","","-9.7","","32","","0","","1","","24.1","","89.02","","","","","","Mostly Cloudy"
"2019-04-26 00:00","2019","04","26","00:00","4.4","","-9.0","","37","","1","","7","","24.1","","88.98","","","","","","NA"
"2019-04-26 01:00","2019","04","26","01:00","1.8","","-8.9","","45","","35","","13","","24.1","","88.98","","","","","","NA"
"2019-04-26 02:00","2019","04","26","02:00","0.5","","-9.9","","46","","35","","17","","24.1","","88.92","","","","","","Mostly Cloudy"
"2019-04-26 03:00","2019","04","26","03:00","0.4","","-10.4","","44","","34","","15","","24.1","","88.89","","","","","","NA"
"2019-04-26 04:00","2019","04","26","04:00","0.4","","-10.5","","44","","34","","13","","24.1","","88.91","","","","","","NA"
"2019-04-26 05:00","2019","04","26","05:00"
"2019-04-26 06:00","2019","04","26","06:00","0.0","","-10.2","","47","","34","","17","","32.2","","88.95","","","","-5","","NA"
"2019-04-26 07:00","2019","04","26","07:00","1.2","","-9.8","","44","","34","","23","","64.4","","88.98","","","","","","NA"
"2019-04-26 08:00","2019","04","26","08:00","2.2","","-9.8","","41","","34","","24","","56.3","","89.00","","","","","","Cloudy"
"2019-04-26 09:00","2019","04","26","09:00","4.6","","-8.8","","37","","1","","17","","56.3","","88.99","","","","","","NA"
"2019-04-26 10:00","2019","04","26","10:00","6.9","","-7.5","","35","","4","","17","","64.4","","88.97","","","","","","NA"
"2019-04-26 11:00","2019","04","26","11:00","6.9","","-3.8","","47","","5","","17","","48.3","","88.98","","","","","","Mostly Cloudy"
"2019-04-26 12:00","2019","04","26","12:00","7.1","","-1.2","","55","","10","","18","","48.3","","88.98","","","","","","NA"
"2019-04-26 13:00","2019","04","26","13:00","8.4","","-1.2","","51","","4","","15","","32.2","","88.96","","","","","","NA"
"2019-04-26 14:00","2019","04","26","14:00","9.2","","-4.1","","39","","4","","21","","32.2","","88.92","","","","","","Mainly Clear"
"2019-04-26 15:00","2019","04","26","15:00","8.7","","-5.7","","36","","7","","14","","24.1","","88.88","","","","","","NA"
"2019-04-26 16:00","2019","04","26","16:00","9.1","","-6.0","","34","","12","","18","","24.1","","88.85","","","","","","NA"
"2019-04-26 17:00","2019","04","26","17:00","8.0","","-3.7","","43","","11","","23","","24.1","","88.84","","","","","","Mainly Clear"
"2019-04-26 18:00","2019","04","26","18:00","7.2","","-4.3","","44","","14","","18","","24.1","","88.85","","","","","","NA"
"2019-04-26 19:00","2019","04","26","19:00","6.8","","-4.6","","44","","16","","23","","24.1","","88.82","","","","","","NA"
"2019-04-26 20:00","2019","04","26","20:00","5.8","","-3.8","","50","","15","","24","","24.1","","88.81","","","","","","Mostly Cloudy"
"2019-04-26 21:00","2019","04","26","21:00","4.7","","-4.0","","53","","16","","25","","24.1","","88.80","","","","","","NA"
"2019-04-26 22:00","2019","04","26","22:00","4.2","","-4.0","","55","","17","","24","","24.1","","88.75","","","","","","NA"
"2019-04-26 23:00","2019","04","26","23:00","3.3","","-2.2","","67","","17","","27","","24.1","","88.67","","","","","","Mostly Cloudy"
"2019-04-27 00:00","2019","04","27","00:00","2.8","","-1.7","","72","","17","","32","","16.1","","88.61","","","","","","NA"
"2019-04-27 01:00","2019","04","27","01:00","2.2","","-1.9","","74","","14","","20","","16.1","","88.56","","","","","","Snow"
"2019-04-27 02:00","2019","04","27","02:00","2.3","","-1.2","","77","","16","","21","","24.1","","88.43","","","","","","Mostly Cloudy"
"2019-04-27 03:00","2019","04","27","03:00","1.7","","-1.2","","81","","15","","31","","16.1","","88.33","","","","","","NA"
"2019-04-27 04:00","2019","04","27","04:00","0.9","","-1.4","","84","","16","","23","","12.9","","88.28","","","","","","NA"
"2019-04-27 05:00","2019","04","27","05:00","0.6","","-1.4","","86","","15","","26","","12.9","","88.19","","","","","","Cloudy"
"2019-04-27 06:00","2019","04","27","06:00","0.7","","-1.0","","89","","15","","19","","12.9","","88.15","","","","","","NA"
"2019-04-27 07:00","2019","04","27","07:00","1.2","","-0.4","","89","","14","","13","","9.7","","88.10","","","","","","Fog"
"2019-04-27 08:00","2019","04","27","08:00","1.4","","-0.2","","90","","36","","1","","19.3","","88.10","","","","","","Cloudy"
"2019-04-27 09:00","2019","04","27","09:00","1.9","","0.2","","89","","9","","5","","14.5","","88.00","","","","","","Rain Showers"
"2019-04-27 10:00","2019","04","27","10:00","3.5","","1.2","","85","","3","","16","","19.3","","88.01","","","","","","Rain Showers"
"2019-04-27 11:00","2019","04","27","11:00","4.2","","0.5","","77","","4","","20","","24.1","","88.01","","","","","","Mostly Cloudy"
"2019-04-27 12:00","2019","04","27","12:00","4.7","","-0.5","","69","","2","","25","","14.5","","88.01","","","","","","Rain Showers,Snow Showers"
"2019-04-27 13:00","2019","04","27","13:00","1.9","","-1.0","","81","","3","","34","","6.4","","88.00","","","","","","Snow Showers"
"2019-04-27 14:00","2019","04","27","14:00","1.2","","-1.0","","85","","2","","31","","3.2","","88.06","","","","","","Snow Showers"
"2019-04-27 15:00","2019","04","27","15:00","0.1","","-1.3","","90","","2","","37","","1.0","","88.12","","","","","","Snow"
"2019-04-27 16:00","2019","04","27","16:00","-0.3","","-1.4","","92","","2","","41","","0.4","","88.21","","","","-8","","Heavy Snow"
"2019-04-27 17:00","2019","04","27","17:00","-0.6","","-1.6","","93","","2","","49","","0.2","","88.35","","","","-9","","Heavy Snow,Blowing Snow"
"2019-04-27 18:00","2019","04","27","18:00","-1.0","","-1.9","","93","","2","","63","","0.2","","88.55","","","","-10","","Heavy Snow,Blowing Snow"
"2019-04-27 19:00","2019","04","27","19:00","-1.4","","-2.3","","94","","1","","49","","0.4","","88.77","","","","-10","","Moderate Snow,Blowing Snow"
"2019-04-27 20:00","2019","04","27","20:00","-1.8","","-2.7","","94","","1","","50","","0.6","","88.97","","","","-11","","Moderate Snow,Blowing Snow"
"2019-04-27 21:00","2019","04","27","21:00","-2.2","","-3.1","","93","","2","","43","","0.8","","89.17","","","","-11","","Snow,Blowing Snow"
"2019-04-27 22:00","2019","04","27","22:00","-2.4","","-3.4","","93","","1","","30","","0.8","","89.28","","","","-10","","Snow,Blowing Snow"
"2019-04-27 23:00","2019","04","27","23:00","-2.6","","-3.5","","93","","36","","28","","1.0","","89.36","","","","-10","","Snow,Blowing Snow"
"2019-04-28 00:00","2019","04","28","00:00","-2.8","","-3.8","","93","","1","","24","","1.2","","89.42","","","","-9","","Snow"
"2019-04-28 01:00","2019","04","28","01:00","-2.4","","-5.0","","83","","35","","32","","16.1","","89.44","","","","-10","","NA"
"2019-04-28 02:00","2019","04","28","02:00","-2.9","","-6.4","","77","","35","","30","","24.1","","89.48","","","","-10","","Mostly Cloudy"
"2019-04-28 03:00","2019","04","28","03:00","-3.8","","-7.3","","77","","34","","30","","24.1","","89.52","","","","-11","","NA"
"2019-04-28 04:00","2019","04","28","04:00","-4.4","","-7.8","","77","","34","","30","","24.1","","89.62","","","","-12","","NA"
"2019-04-28 05:00","2019","04","28","05:00","-4.7","","-8.3","","76","","34","","25","","24.1","","89.68","","","","-12","","Mostly Cloudy"
"2019-04-28 06:00","2019","04","28","06:00","-4.8","","-8.4","","76","","34","","28","","32.2","","89.74","","","","-12","","NA"
"2019-04-28 07:00","2019","04","28","07:00","-4.6","","-8.6","","74","","34","","18","","48.3","","89.79","","","","-11","","NA"
"2019-04-28 08:00","2019","04","28","08:00","-3.9","","-8.3","","72","","33","","19","","64.4","","89.81","","","","-10","","Mainly Clear"
"2019-04-28 09:00","2019","04","28","09:00","-2.0","","-7.2","","68","","34","","21","","64.4","","89.82","","","","-8","","NA"
"2019-04-28 10:00","2019","04","28","10:00","-0.8","","-6.5","","65","","35","","23","","64.4","","89.85","","","","-7","","NA"
"2019-04-28 11:00","2019","04","28","11:00","-0.1","","-6.1","","64","","35","","23","","64.4","","89.87","","","","-6","","Mainly Clear"
"2019-04-28 12:00","2019","04","28","12:00","0.7","","-5.8","","62","","35","","24","","64.4","","89.87","","","","","","NA"
"2019-04-28 13:00","2019","04","28","13:00","1.3","","-6.0","","58","","1","","19","","48.3","","89.87","","","","","","NA"
"2019-04-28 14:00","2019","04","28","14:00","1.5","","-8.6","","47","","36","","22","","48.3","","89.88","","","","","","Mainly Clear"
"2019-04-28 15:00","2019","04","28","15:00","1.9","","-8.9","","45","","2","","9","","48.3","","89.88","","","","","","NA"
"2019-04-28 16:00","2019","04","28","16:00","2.2","","-12.3","","33","","2","","9","","64.4","","89.85","","","","","","NA"
"2019-04-28 17:00","2019","04","28","17:00","2.2","","-11.2","","36","","36","","3","","64.4","","89.85","","","","","","Mainly Clear"
"2019-04-28 18:00","2019","04","28","18:00","1.7","","-8.6","","47","","5","","10","","64.4","","89.87","","","","","","NA"
"2019-04-28 19:00","2019","04","28","19:00","1.4","","-7.5","","52","","24","","12","","11.3","","89.87","","","","","","NA"
"2019-04-28 20:00","2019","04","28","20:00","-0.2","","-4.1","","75","","34","","14","","11.3","","89.91","","","","-4","","Snow"
"2019-04-28 21:00","2019","04","28","21:00","-0.2","","-4.6","","73","","29","","6","","11.3","","89.90","","","","-2","","NA"
"2019-04-28 22:00","2019","04","28","22:00","-0.3","","-5.4","","68","","27","","5","","16.1","","89.91","","","","-2","","NA"
"2019-04-28 23:00","2019","04","28","23:00","-0.9","","-5.1","","73","","29","","10","","24.1","","89.88","","","","-4","","Mainly Clear"
"2019-04-29 00:00","2019","04","29","00:00","-1.4","","-4.4","","80","","26","","9","","24.1","","89.89","","","","-5","","NA"
"2019-04-29 01:00","2019","04","29","01:00","-1.8","","-4.5","","82","","36","","3","","24.1","","89.87","","","","-3","","NA"
"2019-04-29 02:00","2019","04","29","02:00","-1.9","","-4.8","","81","","26","","5","","24.1","","89.83","","","","-4","","Mainly Clear"
"2019-04-29 03:00","2019","04","29","03:00","-2.4","","-5.3","","80","","28","","4","","24.1","","89.79","","","","-4","","NA"
"2019-04-29 04:00","2019","04","29","04:00","-3.5","","-5.7","","85","","0","","1","","24.1","","89.79","","","","-4","","NA"
"2019-04-29 05:00","2019","04","29","05:00","-4.0","","-5.7","","88","","22","","5","","64.4","","89.77","","","","-6","","Mainly Clear"
"2019-04-29 06:00","2019","04","29","06:00","-4.4","","-6.3","","86","","3","","3","","64.4","","89.77","","","","-6","","NA"
"2019-04-29 07:00","2019","04","29","07:00","-2.1","","-6.0","","75","","34","","8","","64.4","","89.77","","","","-5","","NA"
"2019-04-29 08:00","2019","04","29","08:00","-0.4","","-6.5","","64","","35","","11","","64.4","","89.76","","","","-4","","Mainly Clear"
"2019-04-29 09:00","2019","04","29","09:00","0.2","","-5.8","","64","","1","","7","","64.4","","89.73","","","","","","NA"
"2019-04-29 10:00","2019","04","29","10:00","0.8","","-6.6","","58","","6","","6","","64.4","","89.71","","","","","","NA"
"2019-04-29 11:00","2019","04","29","11:00","1.6","","-8.1","","48","","1","","8","","64.4","","89.69","","","","","","Mainly Clear"
"2019-04-29 12:00","2019","04","29","12:00","2.4","","-9.1","","43","","36","","10","","64.4","","89.64","","","","","","NA"
"2019-04-29 13:00","2019","04","29","13:00","2.8","","-10.6","","37","","6","","9","","64.4","","89.58","","","","","","NA"
"2019-04-29 14:00","2019","04","29","14:00","3.1","","-11.6","","33","","1","","6","","64.4","","89.54","","","","","","Mainly Clear"
"2019-04-29 15:00","2019","04","29","15:00","3.7","","-9.2","","39","","9","","7","","64.4","","89.48","","","","","","NA"
"2019-04-29 16:00","2019","04","29","16:00","3.8","","-11.7","","32","","2","","13","","48.3","","89.47","","","","","","NA"
"2019-04-29 17:00","2019","04","29","17:00","3.3","","-10.1","","37","","1","","18","","48.3","","89.48","","","","","","Mainly Clear"
"2019-04-29 18:00","2019","04","29","18:00","3.1","","-5.2","","54","","4","","20","","48.3","","89.48","","","","","","NA"
"2019-04-29 19:00","2019","04","29","19:00","2.1","","-5.2","","59","","4","","13","","32.2","","89.47","","","","","","NA"
"2019-04-29 20:00","2019","04","29","20:00","0.2","","-4.9","","69","","1","","11","","32.2","","89.48","","","","","","Mostly Cloudy"
"2019-04-29 21:00","2019","04","29","21:00","0.7","","-5.0","","65","","36","","1","","24.1","","89.49","","","","","","NA"
"2019-04-29 22:00","2019","04","29","22:00","0.8","","-5.3","","63","","26","","3","","24.1","","89.47","","","","","","NA"
"2019-04-29 23:00","2019","04","29","23:00","0.6","","-6.5","","59","","27","","7","","24.1","","89.43","","","","","","Mainly Clear"
"2019-04-30 00:00","2019","04","30","00:00","-0.3","","-5.4","","69","","31","","4","","24.1","","89.40","","","","-2","","NA"
"2019-04-30 01:00","2019","04","30","01:00","-1.4","","-5.4","","74","","23","","8","","24.1","","89.37","","","","-4","","NA"
"2019-04-30 02:00","2019","04","30","02:00","-1.7","","-5.2","","77","","29","","9","","24.1","","89.31","","","","-5","","Mainly Clear"
"2019-04-30 03:00","2019","04","30","03:00","-2.6","","-5.8","","79","","21","","9","","24.1","","89.27","","","","-6","","NA"
"2019-04-30 04:00","2019","04","30","04:00","-3.0","","-6.1","","80","","22","","11","","24.1","","89.23","","","","-7","","NA"
"2019-04-30 05:00","2019","04","30","05:00","-3.7","","-6.9","","79","","23","","8","","32.2","","89.22","","","","-7","","Mainly Clear"
"2019-04-30 06:00","2019","04","30","06:00","-2.1","","-8.1","","64","","26","","3","","64.4","","89.21","","","","-3","","NA"
"2019-04-30 07:00","2019","04","30","07:00","-1.5","","-7.3","","65","","35","","8","","64.4","","89.25","","","","-5","","NA"
"2019-04-30 08:00","2019","04","30","08:00","-0.1","","-5.3","","68","","35","","22","","64.4","","89.26","","","","-6","","Cloudy"
"2019-04-30 09:00","2019","04","30","09:00","1.0","","-6.0","","59","","35","","29","","64.4","","89.26","","","","","","NA"
"2019-04-30 10:00","2019","04","30","10:00","1.4","","-5.3","","61","","34","","25","","64.4","","89.27","","","","","","NA"
"2019-04-30 11:00","2019","04","30","11:00","1.1","","-4.9","","64","","33","","30","","24.1","","89.32","","","","","","Cloudy"
"2019-04-30 12:00","2019","04","30","12:00","1.6","","-4.5","","64","","36","","34","","24.1","","89.32","","","","","","NA"
"2019-04-30 13:00","2019","04","30","13:00","1.9","","-5.7","","57","","1","","26","","24.1","","89.30","","","","","","NA"
"2019-04-30 14:00","2019","04","30","14:00","2.4","","-7.7","","47","","1","","28","","24.1","","89.28","","","","","","Mostly Cloudy"
"2019-04-30 15:00","2019","04","30","15:00","3.2","","-7.4","","46","","35","","25","","24.1","","89.26","","","","","","NA"
"2019-04-30 16:00","2019","04","30","16:00","0.5","","-4.2","","70","","4","","20","","4.0","","89.28","","","","","","Snow"
"2019-04-30 17:00","2019","04","30","17:00","1.3","","-5.8","","59","","6","","5","","24.1","","89.26","","","","","","Mostly Cloudy"
"2019-04-30 18:00","2019","04","30","18:00","0.8","","-4.6","","67","","7","","13","","24.1","","89.25","","","","","","NA"
"2019-04-30 19:00","2019","04","30","19:00","0.9","","-5.6","","62","","36","","2","","16.1","","89.24","","","","","","NA"
"2019-04-30 20:00","2019","04","30","20:00","0.2","","-4.8","","69","","21","","17","","4.0","","89.24","","","","","","Fog"
"2019-04-30 21:00","2019","04","30","21:00","-1.0","","-3.0","","86","","20","","13","","3.2","","89.26","","","","-5","","Snow"
"2019-04-30 22:00","2019","04","30","22:00","-1.4","","-2.9","","89","","18","","12","","3.6","","89.19","","","","-5","","Snow,Fog"
"2019-04-30 23:00","2019","04","30","23:00","-0.8","","-2.5","","88","","20","","14","","11.3","","89.14","","","","-5","","Cloudy"
